instance_id,music_genre
MSC_70753.0,0
MSC_24064.0,6
MSC_22731.0,6
MSC_32095.0,6
MSC_24198.0,1
MSC_69624.0,5
MSC_33498.0,4
MSC_87791.0,5
MSC_70849.0,6
MSC_63394.0,6
MSC_60355.0,6
MSC_21923.0,1
MSC_58064.0,5
MSC_88317.0,6
MSC_41479.0,4
MSC_45508.0,6
MSC_64271.0,1
MSC_63671.0,0
MSC_86129.0,5
MSC_69485.0,5
MSC_34453.0,6
MSC_85190.0,4
MSC_75862.0,0
MSC_69933.0,5
MSC_60559.0,0
MSC_49214.0,5
MSC_85991.0,6
MSC_27341.0,0
MSC_75435.0,5
MSC_72925.0,6
MSC_88652.0,6
MSC_43190.0,6
MSC_28066.0,5
MSC_76421.0,4
MSC_43378.0,0
MSC_70119.0,4
MSC_71881.0,0
MSC_86399.0,6
MSC_74001.0,6
MSC_32338.0,6
MSC_43610.0,4
MSC_20556.0,5
MSC_82323.0,5
MSC_75764.0,0
MSC_77970.0,0
MSC_56719.0,4
MSC_28746.0,1
MSC_73146.0,1
MSC_49841.0,0
MSC_43731.0,0
MSC_62683.0,6
MSC_74192.0,6
MSC_75012.0,0
MSC_76686.0,0
MSC_74295.0,6
MSC_67127.0,4
MSC_35864.0,6
MSC_61965.0,4
MSC_65716.0,5
MSC_67368.0,4
MSC_54504.0,6
MSC_26178.0,6
MSC_65846.0,5
MSC_67882.0,0
MSC_43339.0,0
MSC_75279.0,2
MSC_70541.0,0
MSC_33433.0,0
MSC_56398.0,6
MSC_37291.0,6
MSC_42361.0,6
MSC_79925.0,5
MSC_22756.0,4
MSC_33109.0,4
MSC_47944.0,0
MSC_77621.0,0
MSC_36495.0,0
MSC_41393.0,5
MSC_32534.0,6
MSC_69636.0,6
MSC_86713.0,6
MSC_79666.0,5
MSC_39829.0,4
MSC_36143.0,0
MSC_54917.0,6
MSC_62562.0,4
MSC_49648.0,6
MSC_82654.0,1
MSC_70077.0,6
MSC_33949.0,5
MSC_85286.0,0
MSC_65304.0,4
MSC_69476.0,0
MSC_47435.0,6
MSC_52893.0,0
MSC_86157.0,0
MSC_73498.0,0
MSC_55948.0,5
MSC_76453.0,5
MSC_86916.0,0
MSC_61989.0,5
MSC_63382.0,0
MSC_37856.0,0
MSC_41539.0,6
MSC_67431.0,4
MSC_32657.0,4
MSC_71478.0,4
MSC_57104.0,6
MSC_62610.0,3
MSC_46226.0,5
MSC_25157.0,0
MSC_68801.0,0
MSC_24267.0,6
MSC_80310.0,1
MSC_32964.0,6
MSC_35358.0,0
MSC_31102.0,5
MSC_91516.0,6
MSC_83188.0,6
MSC_68565.0,5
MSC_57905.0,5
MSC_65038.0,2
MSC_50242.0,6
MSC_74003.0,0
MSC_27558.0,6
MSC_30272.0,3
MSC_65113.0,6
MSC_69132.0,6
MSC_78933.0,0
MSC_76896.0,4
MSC_65925.0,5
MSC_86224.0,0
MSC_55201.0,5
MSC_72754.0,5
MSC_48238.0,4
MSC_31791.0,0
MSC_39455.0,0
MSC_74007.0,0
MSC_83810.0,5
MSC_51127.0,0
MSC_44378.0,5
MSC_66817.0,0
MSC_71691.0,0
MSC_25906.0,6
MSC_44302.0,0
MSC_40828.0,6
MSC_69828.0,5
MSC_53216.0,0
MSC_84063.0,4
MSC_87516.0,0
MSC_40318.0,5
MSC_23640.0,4
MSC_29591.0,5
MSC_86270.0,6
MSC_81596.0,0
MSC_82237.0,0
MSC_34780.0,1
MSC_78392.0,6
MSC_37662.0,6
MSC_57533.0,0
MSC_27102.0,2
MSC_63966.0,4
MSC_21986.0,6
MSC_22193.0,4
MSC_82696.0,6
MSC_34208.0,6
MSC_20953.0,0
MSC_35804.0,0
MSC_63248.0,0
MSC_70121.0,5
MSC_62402.0,1
MSC_37673.0,4
MSC_26666.0,6
MSC_21529.0,0
MSC_80898.0,6
MSC_89856.0,6
MSC_45043.0,6
MSC_33018.0,5
MSC_21542.0,2
MSC_62808.0,5
MSC_47474.0,6
MSC_49142.0,6
MSC_42064.0,4
MSC_82118.0,0
MSC_74793.0,5
MSC_69819.0,5
MSC_76745.0,6
MSC_52772.0,5
MSC_60469.0,1
MSC_75602.0,0
MSC_77229.0,6
MSC_40027.0,4
MSC_81048.0,6
MSC_59841.0,4
MSC_77749.0,6
MSC_48578.0,1
MSC_41317.0,0
MSC_38709.0,6
MSC_51029.0,6
MSC_44893.0,0
MSC_41949.0,6
MSC_57323.0,6
MSC_65887.0,5
MSC_71225.0,0
MSC_47845.0,6
MSC_28062.0,0
MSC_62606.0,6
MSC_83707.0,0
MSC_52934.0,4
MSC_83092.0,0
MSC_29300.0,6
MSC_58354.0,6
MSC_30101.0,5
MSC_23214.0,5
MSC_64508.0,4
MSC_76019.0,5
MSC_30164.0,4
MSC_54847.0,5
MSC_35500.0,6
MSC_20263.0,0
MSC_33244.0,6
MSC_72641.0,0
MSC_39277.0,0
MSC_79675.0,5
MSC_54270.0,6
MSC_69726.0,6
MSC_54670.0,6
MSC_83671.0,6
MSC_79085.0,0
MSC_60856.0,5
MSC_84758.0,4
MSC_91385.0,0
MSC_49585.0,6
MSC_64839.0,6
MSC_39136.0,0
MSC_30821.0,4
MSC_67034.0,0
MSC_83395.0,0
MSC_54810.0,5
MSC_64998.0,6
MSC_60346.0,4
MSC_79978.0,6
MSC_26651.0,6
MSC_64430.0,0
MSC_63117.0,0
MSC_89397.0,0
MSC_53351.0,6
MSC_88251.0,6
MSC_33621.0,4
MSC_81697.0,0
MSC_66866.0,0
MSC_26622.0,0
MSC_24415.0,5
MSC_49110.0,5
MSC_33580.0,0
MSC_37195.0,0
MSC_89277.0,1
MSC_81822.0,5
MSC_30423.0,6
MSC_41458.0,5
MSC_49399.0,4
MSC_89329.0,0
MSC_37822.0,0
MSC_36154.0,6
MSC_61020.0,5
MSC_63621.0,3
MSC_54085.0,5
MSC_78378.0,6
MSC_26776.0,4
MSC_40790.0,6
MSC_40516.0,0
MSC_24934.0,0
MSC_74727.0,6
MSC_30217.0,0
MSC_77946.0,6
MSC_87387.0,5
MSC_59088.0,5
MSC_89306.0,5
MSC_78557.0,5
MSC_75784.0,4
MSC_20785.0,0
MSC_87794.0,0
MSC_78457.0,6
MSC_47364.0,5
MSC_67967.0,5
MSC_63212.0,1
MSC_40022.0,0
MSC_51405.0,6
MSC_27116.0,1
MSC_39799.0,4
MSC_78673.0,4
MSC_23085.0,4
MSC_55937.0,4
MSC_88419.0,4
MSC_43077.0,1
MSC_70788.0,5
MSC_36868.0,4
MSC_60656.0,0
MSC_30083.0,5
MSC_49442.0,6
MSC_81733.0,6
MSC_42518.0,0
MSC_80749.0,6
MSC_39581.0,0
MSC_48531.0,4
MSC_50156.0,4
MSC_63042.0,0
MSC_54525.0,4
MSC_82637.0,0
MSC_20760.0,0
MSC_43696.0,5
MSC_23004.0,0
MSC_34380.0,4
MSC_59377.0,0
MSC_78984.0,6
MSC_40770.0,6
MSC_85652.0,4
MSC_65378.0,5
MSC_38283.0,0
MSC_62374.0,0
MSC_38045.0,5
MSC_75190.0,6
MSC_40590.0,0
MSC_62118.0,6
MSC_53382.0,4
MSC_38494.0,6
MSC_42639.0,5
MSC_71155.0,6
MSC_37794.0,0
MSC_78168.0,1
MSC_36543.0,5
MSC_55594.0,6
MSC_71373.0,0
MSC_68960.0,5
MSC_21914.0,3
MSC_55525.0,4
MSC_56018.0,5
MSC_71324.0,3
MSC_73193.0,0
MSC_47122.0,5
MSC_81081.0,4
MSC_83475.0,5
MSC_68034.0,4
MSC_88910.0,0
MSC_22536.0,5
MSC_46399.0,0
MSC_58168.0,5
MSC_70391.0,5
MSC_37369.0,0
MSC_49582.0,4
MSC_32940.0,0
MSC_72560.0,0
MSC_69996.0,1
MSC_32220.0,4
MSC_60774.0,2
MSC_23210.0,6
MSC_65790.0,0
MSC_40708.0,6
MSC_35784.0,4
MSC_67779.0,5
MSC_26459.0,6
MSC_20542.0,0
MSC_59717.0,5
MSC_53659.0,0
MSC_81814.0,4
MSC_37727.0,6
MSC_23705.0,4
MSC_60185.0,5
MSC_90643.0,6
MSC_82668.0,0
MSC_46879.0,0
MSC_89981.0,4
MSC_54541.0,5
MSC_68213.0,5
MSC_30132.0,6
MSC_41094.0,0
MSC_85111.0,4
MSC_32717.0,0
MSC_47153.0,5
MSC_27609.0,6
MSC_29621.0,0
MSC_26172.0,5
MSC_49866.0,4
MSC_22412.0,0
MSC_24780.0,1
MSC_46401.0,4
MSC_49960.0,5
MSC_25768.0,4
MSC_46017.0,2
MSC_70356.0,6
MSC_90433.0,4
MSC_51245.0,6
MSC_72693.0,0
MSC_75785.0,6
MSC_21146.0,6
MSC_54313.0,0
MSC_58752.0,6
MSC_40654.0,0
MSC_50907.0,0
MSC_32529.0,4
MSC_58288.0,0
MSC_81305.0,4
MSC_83581.0,4
MSC_80860.0,5
MSC_37765.0,5
MSC_77780.0,4
MSC_74224.0,4
MSC_75788.0,5
MSC_21308.0,5
MSC_27118.0,4
MSC_23884.0,5
MSC_44241.0,6
MSC_48332.0,6
MSC_67532.0,6
MSC_68681.0,5
MSC_51395.0,5
MSC_74364.0,6
MSC_65331.0,0
MSC_37901.0,0
MSC_80007.0,0
MSC_45104.0,0
MSC_75691.0,4
MSC_38896.0,6
MSC_63442.0,1
MSC_25960.0,6
MSC_50709.0,6
MSC_73083.0,0
MSC_51455.0,6
MSC_64445.0,6
MSC_58636.0,5
MSC_88020.0,6
MSC_56709.0,3
MSC_76044.0,0
MSC_81210.0,5
MSC_69671.0,0
MSC_77516.0,5
MSC_34928.0,4
MSC_74777.0,5
MSC_54236.0,6
MSC_40826.0,0
MSC_56971.0,6
MSC_37406.0,4
MSC_40338.0,6
MSC_48502.0,6
MSC_90788.0,6
MSC_56064.0,4
MSC_73683.0,6
MSC_74691.0,4
MSC_28613.0,6
MSC_26768.0,0
MSC_36782.0,4
MSC_30286.0,6
MSC_33103.0,4
MSC_50776.0,1
MSC_63720.0,5
MSC_49953.0,1
MSC_46174.0,0
MSC_24708.0,0
MSC_80829.0,0
MSC_39701.0,0
MSC_60564.0,2
MSC_89610.0,0
MSC_85579.0,5
MSC_56527.0,0
MSC_82713.0,6
MSC_41484.0,6
MSC_59047.0,5
MSC_59182.0,5
MSC_68721.0,0
MSC_69976.0,5
MSC_83634.0,1
MSC_58656.0,6
MSC_47338.0,6
MSC_67509.0,6
MSC_84846.0,5
MSC_49009.0,5
MSC_60799.0,0
MSC_83721.0,0
MSC_52810.0,5
MSC_33638.0,5
MSC_29458.0,0
MSC_77914.0,4
MSC_43284.0,6
MSC_38809.0,0
MSC_42619.0,6
MSC_63260.0,6
MSC_77041.0,6
MSC_82411.0,6
MSC_62589.0,5
MSC_40341.0,4
MSC_78487.0,4
MSC_54342.0,4
MSC_49493.0,0
MSC_58912.0,6
MSC_63416.0,4
MSC_77760.0,5
MSC_74795.0,0
MSC_91160.0,0
MSC_61526.0,5
MSC_38528.0,5
MSC_45879.0,6
MSC_55699.0,6
MSC_77323.0,6
MSC_30203.0,6
MSC_56552.0,6
MSC_44273.0,0
MSC_48164.0,4
MSC_85359.0,6
MSC_71425.0,6
MSC_84881.0,0
MSC_36712.0,6
MSC_68896.0,5
MSC_33130.0,6
MSC_73621.0,5
MSC_69734.0,5
MSC_65839.0,0
MSC_47914.0,0
MSC_54439.0,6
MSC_50680.0,0
MSC_42240.0,6
MSC_79422.0,5
MSC_78452.0,6
MSC_53230.0,0
MSC_70676.0,5
MSC_20044.0,5
MSC_78371.0,6
MSC_67492.0,0
MSC_90586.0,5
MSC_53969.0,5
MSC_49364.0,4
MSC_60124.0,0
MSC_76067.0,6
MSC_91215.0,6
MSC_24923.0,6
MSC_34592.0,6
MSC_89169.0,4
MSC_59636.0,6
MSC_54320.0,5
MSC_91374.0,0
MSC_85364.0,6
MSC_25729.0,0
MSC_30283.0,6
MSC_72511.0,0
MSC_37150.0,0
MSC_34666.0,0
MSC_33248.0,5
MSC_55856.0,0
MSC_56664.0,0
MSC_31879.0,6
MSC_76510.0,6
MSC_29761.0,6
MSC_73722.0,6
MSC_40825.0,5
MSC_37733.0,4
MSC_45411.0,4
MSC_48030.0,0
MSC_64675.0,0
MSC_39542.0,0
MSC_78480.0,4
MSC_34230.0,5
MSC_42484.0,6
MSC_73975.0,4
MSC_29123.0,6
MSC_64514.0,6
MSC_20975.0,0
MSC_32247.0,0
MSC_51986.0,4
MSC_90049.0,0
MSC_74647.0,6
MSC_40337.0,0
MSC_53552.0,6
MSC_85963.0,3
MSC_80790.0,5
MSC_73227.0,6
MSC_75756.0,6
MSC_39715.0,6
MSC_59631.0,4
MSC_33582.0,0
MSC_79286.0,6
MSC_59250.0,4
MSC_53770.0,5
MSC_40298.0,0
MSC_86436.0,4
MSC_66555.0,4
MSC_24953.0,1
MSC_84540.0,0
MSC_84598.0,6
MSC_62672.0,6
MSC_63846.0,0
MSC_47874.0,0
MSC_91208.0,5
MSC_88559.0,3
MSC_31924.0,4
MSC_39182.0,5
MSC_64815.0,4
MSC_90414.0,4
MSC_33378.0,0
MSC_77019.0,0
MSC_84561.0,5
MSC_46774.0,6
MSC_69589.0,5
MSC_90297.0,6
MSC_26195.0,6
MSC_45289.0,4
MSC_43457.0,5
MSC_64251.0,4
MSC_88601.0,5
MSC_24989.0,4
MSC_37798.0,4
MSC_72703.0,6
MSC_38504.0,6
MSC_50284.0,6
MSC_48093.0,0
MSC_68994.0,6
MSC_47148.0,4
MSC_62075.0,0
MSC_60474.0,6
MSC_70506.0,5
MSC_49535.0,4
MSC_49120.0,4
MSC_40608.0,1
MSC_35322.0,6
MSC_30880.0,5
MSC_40408.0,0
MSC_61934.0,0
MSC_81834.0,5
MSC_21598.0,6
MSC_26124.0,5
MSC_74852.0,6
MSC_38177.0,4
MSC_20694.0,0
MSC_37361.0,6
MSC_26675.0,0
MSC_71583.0,6
MSC_63833.0,0
MSC_36366.0,5
MSC_29357.0,4
MSC_41824.0,6
MSC_59307.0,6
MSC_70873.0,0
MSC_83038.0,4
MSC_59664.0,6
MSC_43068.0,6
MSC_41672.0,0
MSC_36251.0,6
MSC_20383.0,0
MSC_21031.0,4
MSC_67660.0,0
MSC_84778.0,5
MSC_36701.0,5
MSC_77838.0,5
MSC_80205.0,0
MSC_42089.0,2
MSC_62684.0,5
MSC_35456.0,0
MSC_35993.0,5
MSC_34201.0,0
MSC_39130.0,6
MSC_37774.0,0
MSC_55364.0,5
MSC_57888.0,6
MSC_58049.0,4
MSC_56202.0,0
MSC_45198.0,2
MSC_48335.0,6
MSC_63456.0,1
MSC_52600.0,0
MSC_63618.0,0
MSC_28759.0,6
MSC_46132.0,6
MSC_56269.0,4
MSC_35073.0,0
MSC_71548.0,0
MSC_85647.0,5
MSC_57144.0,5
MSC_86959.0,5
MSC_40691.0,5
MSC_26885.0,4
MSC_74596.0,2
MSC_35088.0,0
MSC_80738.0,0
MSC_36410.0,4
MSC_61968.0,5
MSC_43089.0,5
MSC_60028.0,6
MSC_23734.0,6
MSC_39755.0,5
MSC_31123.0,1
MSC_33620.0,0
MSC_83903.0,6
MSC_44334.0,5
MSC_37542.0,5
MSC_28951.0,6
MSC_87140.0,5
MSC_21296.0,0
MSC_65266.0,4
MSC_63220.0,6
MSC_37889.0,0
MSC_54050.0,4
MSC_59174.0,6
MSC_59711.0,6
MSC_47528.0,0
MSC_44800.0,6
MSC_36152.0,4
MSC_54405.0,6
MSC_33346.0,4
MSC_69147.0,6
MSC_63170.0,4
MSC_36066.0,5
MSC_81498.0,4
MSC_85176.0,6
MSC_34471.0,2
MSC_81292.0,5
MSC_90094.0,6
MSC_29954.0,6
MSC_56880.0,6
MSC_30148.0,6
MSC_89600.0,4
MSC_22660.0,6
MSC_20941.0,0
MSC_59838.0,6
MSC_45940.0,6
MSC_20636.0,5
MSC_33909.0,0
MSC_32198.0,6
MSC_83992.0,6
MSC_46613.0,6
MSC_90719.0,6
MSC_83317.0,1
MSC_77890.0,6
MSC_59692.0,4
MSC_80462.0,4
MSC_86922.0,0
MSC_38025.0,0
MSC_53575.0,5
MSC_61691.0,6
MSC_53443.0,0
MSC_23148.0,0
MSC_61277.0,4
MSC_83858.0,6
MSC_70573.0,0
MSC_77880.0,6
MSC_88655.0,6
MSC_26874.0,4
MSC_24789.0,0
MSC_32651.0,6
MSC_54117.0,4
MSC_83209.0,4
MSC_58978.0,0
MSC_78066.0,1
MSC_68379.0,0
MSC_58790.0,6
MSC_74730.0,4
MSC_63354.0,0
MSC_42678.0,4
MSC_65637.0,6
MSC_78711.0,6
MSC_77193.0,3
MSC_49084.0,5
MSC_71300.0,4
MSC_84450.0,5
MSC_72314.0,5
MSC_26255.0,6
MSC_60321.0,0
MSC_64269.0,6
MSC_21429.0,4
MSC_37192.0,2
MSC_63740.0,4
MSC_61210.0,5
MSC_77923.0,2
MSC_75597.0,6
MSC_24868.0,4
MSC_84506.0,0
MSC_81910.0,6
MSC_21148.0,5
MSC_90293.0,2
MSC_87408.0,6
MSC_81279.0,5
MSC_25739.0,5
MSC_84685.0,3
MSC_50693.0,4
MSC_89176.0,4
MSC_20443.0,4
MSC_37029.0,4
MSC_80864.0,4
MSC_33513.0,5
MSC_71127.0,0
MSC_55530.0,6
MSC_65974.0,4
MSC_83809.0,4
MSC_72204.0,0
MSC_54304.0,5
MSC_72672.0,5
MSC_62925.0,5
MSC_22402.0,6
MSC_56579.0,0
MSC_45433.0,6
MSC_81553.0,6
MSC_42574.0,6
MSC_86005.0,3
MSC_78431.0,0
MSC_61570.0,0
MSC_58853.0,6
MSC_58406.0,0
MSC_83204.0,6
MSC_33067.0,6
MSC_47218.0,0
MSC_21990.0,5
MSC_35583.0,0
MSC_37978.0,6
MSC_65425.0,0
MSC_43497.0,0
MSC_21773.0,6
MSC_57238.0,6
MSC_32756.0,4
MSC_54162.0,6
MSC_51632.0,6
MSC_23840.0,5
MSC_28652.0,5
MSC_38574.0,6
MSC_28688.0,5
MSC_86267.0,4
MSC_74580.0,6
MSC_76863.0,4
MSC_59927.0,6
MSC_78042.0,1
MSC_57117.0,0
MSC_78496.0,0
MSC_25670.0,6
MSC_72383.0,6
MSC_82613.0,0
MSC_39348.0,0
MSC_78704.0,0
MSC_68727.0,5
MSC_81455.0,0
MSC_28007.0,6
MSC_78617.0,6
MSC_41182.0,6
MSC_64862.0,5
MSC_24470.0,0
MSC_72206.0,5
MSC_22532.0,6
MSC_67468.0,0
MSC_28059.0,6
MSC_63860.0,4
MSC_48333.0,0
MSC_52074.0,0
MSC_46476.0,4
MSC_33340.0,0
MSC_27516.0,5
MSC_73134.0,6
MSC_56041.0,6
MSC_62539.0,0
MSC_62806.0,6
MSC_73690.0,0
MSC_90778.0,6
MSC_41581.0,5
MSC_69586.0,5
MSC_28784.0,6
MSC_25700.0,0
MSC_79442.0,6
MSC_89779.0,4
MSC_86122.0,5
MSC_31671.0,0
MSC_80933.0,1
MSC_24005.0,0
MSC_66393.0,0
MSC_51340.0,6
MSC_76178.0,6
MSC_25015.0,5
MSC_71281.0,0
MSC_89753.0,0
MSC_89055.0,4
MSC_68220.0,6
MSC_70717.0,0
MSC_81440.0,1
MSC_64092.0,6
MSC_87241.0,0
MSC_60087.0,5
MSC_73427.0,0
MSC_68261.0,0
MSC_51580.0,1
MSC_57532.0,0
MSC_32332.0,6
MSC_25709.0,4
MSC_39368.0,1
MSC_73039.0,3
MSC_38117.0,6
MSC_43432.0,5
MSC_72688.0,5
MSC_70158.0,4
MSC_63717.0,0
MSC_69642.0,6
MSC_52407.0,0
MSC_32606.0,1
MSC_67968.0,3
MSC_73695.0,5
MSC_26088.0,6
MSC_44237.0,6
MSC_35361.0,5
MSC_84211.0,0
MSC_34379.0,4
MSC_26855.0,5
MSC_39764.0,4
MSC_24552.0,5
MSC_68252.0,6
MSC_29296.0,5
MSC_37905.0,4
MSC_61392.0,6
MSC_71625.0,0
MSC_80868.0,4
MSC_29731.0,5
MSC_29682.0,4
MSC_61160.0,5
MSC_42543.0,0
MSC_61920.0,4
MSC_26080.0,3
MSC_39236.0,0
MSC_71541.0,1
MSC_66869.0,5
MSC_83149.0,5
MSC_33661.0,4
MSC_21344.0,5
MSC_41870.0,0
MSC_23836.0,0
MSC_53434.0,6
MSC_34347.0,4
MSC_50565.0,6
MSC_75392.0,6
MSC_53973.0,0
MSC_40932.0,5
MSC_78359.0,6
MSC_74188.0,5
MSC_27220.0,0
MSC_31107.0,4
MSC_26939.0,0
MSC_52864.0,6
MSC_56820.0,0
MSC_88882.0,6
MSC_25149.0,6
MSC_41702.0,0
MSC_57680.0,6
MSC_86447.0,6
MSC_57011.0,5
MSC_36018.0,5
MSC_60571.0,6
MSC_49475.0,6
MSC_25425.0,6
MSC_32079.0,1
MSC_53979.0,6
MSC_44151.0,5
MSC_28811.0,5
MSC_22720.0,0
MSC_67189.0,0
MSC_74362.0,0
MSC_82899.0,6
MSC_82224.0,0
MSC_63619.0,6
MSC_30399.0,0
MSC_84675.0,6
MSC_56588.0,0
MSC_72251.0,0
MSC_46478.0,6
MSC_45546.0,6
MSC_65485.0,2
MSC_67104.0,6
MSC_24832.0,6
MSC_57382.0,4
MSC_89231.0,2
MSC_54133.0,6
MSC_90388.0,6
MSC_46453.0,6
MSC_46632.0,4
MSC_26207.0,0
MSC_34879.0,5
MSC_26267.0,0
MSC_64922.0,4
MSC_34224.0,6
MSC_24473.0,0
MSC_26870.0,6
MSC_40049.0,6
MSC_57647.0,5
MSC_45000.0,5
MSC_42912.0,4
MSC_35902.0,6
MSC_42555.0,5
MSC_58278.0,0
MSC_32446.0,5
MSC_24564.0,5
MSC_42616.0,6
MSC_31864.0,0
MSC_85987.0,5
MSC_35742.0,5
MSC_35960.0,6
MSC_21929.0,5
MSC_80501.0,1
MSC_44967.0,5
MSC_91652.0,5
MSC_45205.0,5
MSC_58617.0,6
MSC_53027.0,0
MSC_28864.0,0
MSC_73512.0,6
MSC_65229.0,5
MSC_29733.0,0
MSC_30194.0,5
MSC_57931.0,6
MSC_91334.0,4
MSC_73450.0,0
MSC_26792.0,4
MSC_84676.0,6
MSC_65018.0,0
MSC_29481.0,4
MSC_49044.0,2
MSC_87900.0,5
MSC_31871.0,5
MSC_40733.0,6
MSC_39805.0,5
MSC_31278.0,5
MSC_44017.0,4
MSC_74322.0,6
MSC_57792.0,4
MSC_81526.0,6
MSC_44109.0,6
MSC_21669.0,0
MSC_22350.0,5
MSC_68625.0,6
MSC_27205.0,1
MSC_72488.0,4
MSC_56301.0,6
MSC_85433.0,0
MSC_88849.0,0
MSC_51182.0,1
MSC_54540.0,4
MSC_47696.0,4
MSC_82623.0,6
MSC_82384.0,2
MSC_33298.0,1
MSC_61699.0,0
MSC_66022.0,0
MSC_37703.0,6
MSC_76651.0,5
MSC_50744.0,0
MSC_48445.0,5
MSC_80507.0,6
MSC_55211.0,6
MSC_45173.0,6
MSC_54458.0,4
MSC_60718.0,5
MSC_75642.0,0
MSC_33111.0,5
MSC_68000.0,0
MSC_33100.0,6
MSC_26514.0,6
MSC_49904.0,5
MSC_88791.0,4
MSC_60269.0,5
MSC_20388.0,0
MSC_48099.0,6
MSC_65130.0,0
MSC_78833.0,4
MSC_20799.0,5
MSC_84096.0,6
MSC_88473.0,0
MSC_77467.0,4
MSC_62176.0,4
MSC_41808.0,0
MSC_38808.0,4
MSC_24604.0,0
MSC_47743.0,4
MSC_69513.0,0
MSC_63548.0,0
MSC_87958.0,1
MSC_62786.0,5
MSC_36334.0,0
MSC_79506.0,3
MSC_38629.0,6
MSC_62531.0,0
MSC_56743.0,4
MSC_32004.0,0
MSC_46133.0,6
MSC_91122.0,4
MSC_28658.0,4
MSC_91129.0,5
MSC_22565.0,6
MSC_29662.0,0
MSC_76029.0,5
MSC_36790.0,6
MSC_20320.0,6
MSC_82390.0,0
MSC_22358.0,6
MSC_63518.0,5
MSC_26806.0,6
MSC_81101.0,5
MSC_65103.0,1
MSC_20180.0,5
MSC_88285.0,6
MSC_75732.0,0
MSC_36650.0,6
MSC_28150.0,5
MSC_40264.0,0
MSC_80771.0,6
MSC_28876.0,4
MSC_81631.0,4
MSC_41750.0,5
MSC_45959.0,0
MSC_87929.0,6
MSC_52258.0,3
MSC_36580.0,6
MSC_90338.0,0
MSC_41639.0,6
MSC_73271.0,6
MSC_78225.0,5
MSC_69409.0,0
MSC_89802.0,4
MSC_76235.0,4
MSC_56784.0,4
MSC_22043.0,6
MSC_64964.0,6
MSC_24642.0,0
MSC_90869.0,0
MSC_70165.0,6
MSC_36193.0,6
MSC_79941.0,4
MSC_73040.0,5
MSC_55354.0,0
MSC_75341.0,6
MSC_84916.0,0
MSC_30635.0,5
MSC_69421.0,6
MSC_31687.0,4
MSC_76775.0,1
MSC_30790.0,0
MSC_63867.0,0
MSC_30220.0,0
MSC_57156.0,5
MSC_80794.0,6
MSC_67983.0,6
MSC_31884.0,5
MSC_42147.0,0
MSC_43748.0,5
MSC_50478.0,6
MSC_25562.0,5
MSC_31082.0,1
MSC_60450.0,5
MSC_54485.0,0
MSC_76070.0,4
MSC_34013.0,0
MSC_58366.0,0
MSC_81640.0,0
MSC_58102.0,6
MSC_58681.0,5
MSC_79420.0,0
MSC_32562.0,4
MSC_32751.0,4
MSC_90851.0,6
MSC_20405.0,0
MSC_86890.0,4
MSC_47272.0,5
MSC_20870.0,6
MSC_74183.0,0
MSC_31002.0,4
MSC_42330.0,5
MSC_54743.0,6
MSC_46734.0,6
MSC_63611.0,5
MSC_43261.0,0
MSC_27833.0,0
MSC_79708.0,6
MSC_69270.0,4
MSC_67221.0,6
MSC_71572.0,5
MSC_63202.0,6
MSC_81982.0,6
MSC_45473.0,6
MSC_51524.0,0
MSC_50990.0,6
MSC_51991.0,5
MSC_71576.0,6
MSC_30499.0,0
MSC_41254.0,5
MSC_50494.0,5
MSC_30712.0,5
MSC_36785.0,6
MSC_88703.0,4
MSC_21047.0,0
MSC_57764.0,0
MSC_47604.0,6
MSC_43337.0,0
MSC_84129.0,0
MSC_58252.0,5
MSC_52312.0,6
MSC_40442.0,6
MSC_35899.0,5
MSC_74140.0,6
MSC_28300.0,6
MSC_74498.0,6
MSC_66862.0,6
MSC_25467.0,6
MSC_30232.0,0
MSC_66458.0,6
MSC_50225.0,0
MSC_90846.0,0
MSC_80026.0,5
MSC_84217.0,5
MSC_73632.0,0
MSC_69838.0,6
MSC_84652.0,5
MSC_79868.0,4
MSC_49996.0,5
MSC_73907.0,1
MSC_68548.0,5
MSC_77374.0,5
MSC_33312.0,3
MSC_50989.0,6
MSC_77466.0,0
MSC_43175.0,4
MSC_44547.0,6
MSC_65079.0,5
MSC_42989.0,6
MSC_22255.0,5
MSC_85434.0,4
MSC_56517.0,5
MSC_21584.0,4
MSC_48365.0,6
MSC_78632.0,0
MSC_64275.0,4
MSC_63745.0,0
MSC_26173.0,5
MSC_24110.0,5
MSC_54996.0,6
MSC_90299.0,0
MSC_54800.0,0
MSC_41249.0,4
MSC_59585.0,0
MSC_88837.0,4
MSC_22128.0,0
MSC_27583.0,4
MSC_69859.0,0
MSC_66238.0,1
MSC_56975.0,6
MSC_57451.0,0
MSC_71591.0,0
MSC_34761.0,6
MSC_29605.0,0
MSC_33685.0,6
MSC_47184.0,5
MSC_42924.0,6
MSC_85252.0,5
MSC_82832.0,6
MSC_35581.0,5
MSC_35469.0,6
MSC_71100.0,5
MSC_80509.0,1
MSC_30946.0,4
MSC_67295.0,5
MSC_37058.0,6
MSC_45395.0,6
MSC_35157.0,6
MSC_70945.0,5
MSC_40364.0,0
MSC_68357.0,0
MSC_60874.0,5
MSC_68180.0,5
MSC_45283.0,4
MSC_56953.0,6
MSC_44494.0,5
MSC_66292.0,5
MSC_44120.0,4
MSC_90486.0,4
MSC_28114.0,0
MSC_49309.0,6
MSC_33518.0,5
MSC_61609.0,0
MSC_61815.0,4
MSC_74164.0,1
MSC_85876.0,0
MSC_31053.0,5
MSC_84415.0,0
MSC_34051.0,5
MSC_54786.0,6
MSC_25511.0,5
MSC_85702.0,6
MSC_49699.0,0
MSC_62479.0,5
MSC_70337.0,5
MSC_40560.0,6
MSC_31853.0,0
MSC_59326.0,0
MSC_24242.0,6
MSC_40813.0,0
MSC_72461.0,6
MSC_87658.0,4
MSC_27650.0,6
MSC_83798.0,0
MSC_60701.0,6
MSC_53316.0,0
MSC_36027.0,4
MSC_72588.0,6
MSC_28650.0,6
MSC_35811.0,5
MSC_37204.0,6
MSC_52290.0,0
MSC_29922.0,5
MSC_58584.0,6
MSC_29200.0,4
MSC_78474.0,1
MSC_42453.0,0
MSC_57912.0,0
MSC_63661.0,5
MSC_53276.0,0
MSC_81947.0,5
MSC_40864.0,3
MSC_44815.0,5
MSC_75099.0,0
MSC_31397.0,5
MSC_65221.0,6
MSC_29563.0,6
MSC_53237.0,5
MSC_77182.0,0
MSC_69210.0,6
MSC_24975.0,0
MSC_48338.0,6
MSC_83355.0,6
MSC_55159.0,6
MSC_22185.0,4
MSC_88344.0,4
MSC_74453.0,6
MSC_34081.0,6
MSC_48635.0,6
MSC_53177.0,0
MSC_90200.0,0
MSC_66549.0,0
MSC_84755.0,6
MSC_54593.0,4
MSC_20511.0,4
MSC_61984.0,6
MSC_71815.0,0
MSC_91464.0,4
MSC_33041.0,6
MSC_50619.0,4
MSC_85708.0,0
MSC_53807.0,6
MSC_69079.0,5
MSC_88741.0,5
MSC_32437.0,6
MSC_48649.0,0
MSC_85630.0,0
MSC_57850.0,5
MSC_89947.0,6
MSC_42593.0,0
MSC_36050.0,0
MSC_29790.0,0
MSC_38868.0,5
MSC_81300.0,0
MSC_63091.0,0
MSC_33932.0,0
MSC_24902.0,4
MSC_75535.0,6
MSC_81398.0,6
MSC_24264.0,0
MSC_32943.0,4
MSC_72597.0,5
MSC_74491.0,6
MSC_31561.0,6
MSC_89226.0,5
MSC_84003.0,0
MSC_38295.0,6
MSC_57385.0,5
MSC_69834.0,0
MSC_86061.0,5
MSC_29223.0,5
MSC_22669.0,6
MSC_59489.0,0
MSC_65433.0,5
MSC_35392.0,6
MSC_23499.0,4
MSC_87511.0,0
MSC_59879.0,6
MSC_62757.0,5
MSC_46522.0,6
MSC_62446.0,6
MSC_23157.0,4
MSC_85512.0,0
MSC_89874.0,0
MSC_71118.0,4
MSC_75005.0,4
MSC_43456.0,4
MSC_76108.0,6
MSC_81234.0,6
MSC_63224.0,5
MSC_91273.0,4
MSC_39159.0,0
MSC_84477.0,6
MSC_40566.0,0
MSC_50280.0,6
MSC_42996.0,4
MSC_28854.0,1
MSC_68288.0,4
MSC_27468.0,0
MSC_64131.0,6
MSC_90132.0,6
MSC_34342.0,0
MSC_49927.0,0
MSC_84658.0,5
MSC_36139.0,0
MSC_52200.0,0
MSC_43613.0,0
MSC_85451.0,5
MSC_55970.0,0
MSC_55599.0,6
MSC_85819.0,0
MSC_71787.0,5
MSC_56123.0,1
MSC_88506.0,0
MSC_40700.0,6
MSC_87346.0,6
MSC_72102.0,2
MSC_58802.0,0
MSC_46812.0,0
MSC_47176.0,6
MSC_74458.0,6
MSC_53686.0,0
MSC_82255.0,4
MSC_86449.0,5
MSC_37101.0,6
MSC_25959.0,6
MSC_90471.0,6
MSC_73972.0,5
MSC_42096.0,0
MSC_76528.0,6
MSC_60509.0,5
MSC_78713.0,5
MSC_57933.0,0
MSC_26941.0,0
MSC_88831.0,6
MSC_85182.0,6
MSC_20521.0,6
MSC_41478.0,0
MSC_88119.0,5
MSC_24521.0,6
MSC_70054.0,1
MSC_43196.0,6
MSC_20907.0,6
MSC_85869.0,4
MSC_59385.0,6
MSC_75205.0,4
MSC_71953.0,0
MSC_81134.0,5
MSC_40677.0,5
MSC_42079.0,0
MSC_39163.0,6
MSC_45334.0,6
MSC_28409.0,6
MSC_26962.0,4
MSC_69656.0,6
MSC_64332.0,3
MSC_27300.0,5
MSC_54829.0,0
MSC_53723.0,6
MSC_53935.0,0
MSC_25138.0,4
MSC_86925.0,5
MSC_54381.0,5
MSC_20449.0,5
MSC_59040.0,0
MSC_24821.0,6
MSC_72443.0,6
MSC_36056.0,6
MSC_74060.0,5
MSC_79062.0,0
MSC_69815.0,6
MSC_53228.0,6
MSC_65040.0,6
MSC_60109.0,0
MSC_32433.0,0
MSC_85830.0,4
MSC_91333.0,0
MSC_61276.0,5
MSC_30903.0,0
MSC_40593.0,5
MSC_24275.0,5
MSC_66071.0,6
MSC_50986.0,6
MSC_27491.0,5
MSC_77810.0,5
MSC_38022.0,6
MSC_61608.0,6
MSC_23835.0,6
MSC_21402.0,6
MSC_43727.0,6
MSC_65524.0,6
MSC_30828.0,4
MSC_57558.0,6
MSC_62972.0,6
MSC_64989.0,4
MSC_74854.0,6
MSC_59220.0,0
MSC_43816.0,0
MSC_87227.0,6
MSC_35911.0,6
MSC_29997.0,0
MSC_67858.0,4
MSC_45162.0,5
MSC_65094.0,4
MSC_79053.0,4
MSC_56990.0,0
MSC_36889.0,6
MSC_50115.0,6
MSC_21085.0,6
MSC_65444.0,6
MSC_53467.0,1
MSC_23301.0,6
MSC_90890.0,4
MSC_56603.0,6
MSC_65358.0,6
MSC_35657.0,6
MSC_63262.0,0
MSC_36704.0,0
MSC_62317.0,6
MSC_22303.0,4
MSC_43712.0,5
MSC_45170.0,5
MSC_24911.0,5
MSC_70825.0,6
MSC_61540.0,5
MSC_27145.0,6
MSC_60100.0,4
MSC_40763.0,6
MSC_55377.0,4
MSC_81368.0,6
MSC_41326.0,5
MSC_35734.0,5
MSC_30573.0,4
MSC_36564.0,4
MSC_47342.0,5
MSC_87201.0,5
MSC_46723.0,4
MSC_62595.0,4
MSC_71567.0,5
MSC_91229.0,6
MSC_34772.0,4
MSC_83061.0,0
MSC_68873.0,0
MSC_70912.0,5
MSC_50220.0,0
MSC_44108.0,4
MSC_82052.0,0
MSC_35751.0,0
MSC_75630.0,0
MSC_88982.0,6
MSC_75685.0,6
MSC_83783.0,5
MSC_62497.0,4
MSC_29999.0,6
MSC_65587.0,5
MSC_33911.0,4
MSC_35819.0,0
MSC_28554.0,5
MSC_67109.0,4
MSC_55843.0,6
MSC_51835.0,0
MSC_45944.0,6
MSC_21078.0,5
MSC_39379.0,5
MSC_47855.0,0
MSC_66843.0,4
MSC_26560.0,6
MSC_22232.0,6
MSC_47658.0,4
MSC_76988.0,6
MSC_61421.0,5
MSC_20732.0,0
MSC_54890.0,6
MSC_73938.0,5
MSC_71236.0,0
MSC_89039.0,4
MSC_90867.0,6
MSC_36692.0,0
MSC_85642.0,6
MSC_66830.0,6
MSC_61798.0,4
MSC_44235.0,6
MSC_34676.0,0
MSC_37799.0,0
MSC_58099.0,4
MSC_45815.0,1
MSC_54429.0,6
MSC_32387.0,4
MSC_82739.0,0
MSC_33998.0,5
MSC_24640.0,4
MSC_65964.0,6
MSC_58791.0,6
MSC_20318.0,6
MSC_79805.0,0
MSC_26091.0,6
MSC_69385.0,1
MSC_21969.0,5
MSC_50251.0,4
MSC_58776.0,0
MSC_80708.0,6
MSC_34729.0,4
MSC_25773.0,5
MSC_52436.0,6
MSC_37157.0,6
MSC_66130.0,0
MSC_89705.0,6
MSC_59389.0,0
MSC_49979.0,0
MSC_79761.0,6
MSC_51430.0,5
MSC_32745.0,5
MSC_68434.0,0
MSC_61657.0,4
MSC_20491.0,6
MSC_58952.0,4
MSC_57669.0,6
MSC_89247.0,6
MSC_65729.0,0
MSC_70129.0,5
MSC_48177.0,6
MSC_27506.0,6
MSC_29587.0,0
MSC_55350.0,0
MSC_70513.0,0
MSC_62805.0,0
MSC_29301.0,6
MSC_66294.0,4
MSC_63361.0,0
MSC_88981.0,1
MSC_56935.0,4
MSC_38078.0,4
MSC_88496.0,6
MSC_39426.0,6
MSC_68875.0,0
MSC_30972.0,0
MSC_64612.0,6
MSC_47862.0,6
MSC_81013.0,6
MSC_52109.0,6
MSC_59136.0,0
MSC_41126.0,4
MSC_82160.0,0
MSC_34602.0,0
MSC_35589.0,2
MSC_39521.0,5
MSC_45600.0,5
MSC_30309.0,0
MSC_66878.0,0
MSC_87347.0,0
MSC_68704.0,0
MSC_85675.0,4
MSC_76372.0,4
MSC_67309.0,4
MSC_81272.0,0
MSC_46210.0,0
MSC_77401.0,6
MSC_65389.0,0
MSC_78771.0,6
MSC_91706.0,4
MSC_37614.0,0
MSC_83131.0,5
MSC_23007.0,6
MSC_81680.0,6
MSC_35492.0,4
MSC_75573.0,5
MSC_91072.0,4
MSC_73482.0,5
MSC_35655.0,0
MSC_75155.0,0
MSC_90314.0,6
MSC_69202.0,6
MSC_87972.0,0
MSC_68425.0,6
MSC_55926.0,6
MSC_29399.0,6
MSC_50832.0,6
MSC_50132.0,5
MSC_84934.0,6
MSC_90179.0,0
MSC_49291.0,5
MSC_65150.0,1
MSC_80917.0,0
MSC_83290.0,0
MSC_77122.0,0
MSC_58951.0,6
MSC_89472.0,0
MSC_39442.0,6
MSC_91604.0,0
MSC_38164.0,6
MSC_87529.0,5
MSC_84145.0,4
MSC_39435.0,4
MSC_45788.0,5
MSC_57132.0,5
MSC_60644.0,0
MSC_21195.0,0
MSC_22107.0,0
MSC_23514.0,6
MSC_56273.0,6
MSC_91022.0,5
MSC_30654.0,0
MSC_48662.0,5
MSC_40953.0,2
MSC_71330.0,0
MSC_90860.0,5
MSC_34429.0,4
MSC_37603.0,4
MSC_20381.0,6
MSC_50144.0,4
MSC_79616.0,4
MSC_82974.0,1
MSC_75566.0,4
MSC_52751.0,0
MSC_52302.0,4
MSC_25860.0,6
MSC_22815.0,0
MSC_65963.0,6
MSC_38472.0,4
MSC_88946.0,6
MSC_44112.0,4
MSC_22178.0,0
MSC_48974.0,5
MSC_23668.0,6
MSC_46769.0,4
MSC_88978.0,4
MSC_61940.0,5
MSC_40092.0,6
MSC_89211.0,0
MSC_50109.0,4
MSC_43001.0,0
MSC_76831.0,0
MSC_50260.0,0
MSC_59571.0,0
MSC_22692.0,4
MSC_37211.0,0
MSC_41936.0,6
MSC_41068.0,6
MSC_39804.0,0
MSC_27596.0,4
MSC_85161.0,5
MSC_39247.0,5
MSC_51261.0,5
MSC_26814.0,6
MSC_86544.0,4
MSC_89948.0,6
MSC_38269.0,6
MSC_54279.0,6
MSC_53692.0,6
MSC_39003.0,6
MSC_27550.0,5
MSC_58338.0,4
MSC_90949.0,0
MSC_25147.0,0
MSC_73926.0,0
MSC_33836.0,4
MSC_47169.0,0
MSC_88447.0,0
MSC_76139.0,0
MSC_62418.0,0
MSC_58570.0,0
MSC_20640.0,5
MSC_83719.0,6
MSC_78489.0,6
MSC_63841.0,6
MSC_62168.0,6
MSC_26731.0,4
MSC_55087.0,4
MSC_67545.0,6
MSC_25998.0,5
MSC_23819.0,0
MSC_30490.0,6
MSC_37668.0,0
MSC_35997.0,0
MSC_44348.0,0
MSC_57639.0,0
MSC_66907.0,6
MSC_60849.0,3
MSC_89671.0,5
MSC_88635.0,4
MSC_53873.0,0
MSC_50611.0,4
MSC_47166.0,0
MSC_48138.0,6
MSC_29273.0,0
MSC_54294.0,0
MSC_48514.0,0
MSC_81411.0,5
MSC_29746.0,6
MSC_54900.0,5
MSC_51314.0,0
MSC_26835.0,1
MSC_47953.0,0
MSC_28950.0,4
MSC_32003.0,6
MSC_81308.0,0
MSC_71831.0,6
MSC_67143.0,4
MSC_84440.0,6
MSC_91165.0,0
MSC_67036.0,0
MSC_71073.0,0
MSC_28884.0,0
MSC_29095.0,4
MSC_27206.0,0
MSC_59417.0,0
MSC_24297.0,5
MSC_70950.0,4
MSC_21468.0,6
MSC_22023.0,5
MSC_30948.0,5
MSC_51671.0,4
MSC_33872.0,0
MSC_76232.0,0
MSC_56802.0,0
MSC_26348.0,4
MSC_31173.0,6
MSC_82614.0,6
MSC_87525.0,3
MSC_47892.0,5
MSC_23040.0,3
MSC_80187.0,4
MSC_49764.0,3
MSC_78067.0,6
MSC_51357.0,6
MSC_78277.0,0
MSC_75872.0,5
MSC_52809.0,6
MSC_57727.0,5
MSC_81334.0,6
MSC_72546.0,6
MSC_62965.0,6
MSC_43586.0,0
MSC_38551.0,0
MSC_66410.0,6
MSC_48064.0,0
MSC_31916.0,6
MSC_59855.0,1
MSC_90057.0,6
MSC_85040.0,0
MSC_90487.0,1
MSC_46880.0,1
MSC_30270.0,6
MSC_57326.0,6
MSC_34976.0,0
MSC_57687.0,0
MSC_56451.0,6
MSC_77524.0,4
MSC_40893.0,0
MSC_83002.0,0
MSC_70332.0,5
MSC_58072.0,5
MSC_52722.0,0
MSC_89340.0,0
MSC_82413.0,5
MSC_58646.0,6
MSC_78636.0,4
MSC_90902.0,4
MSC_32533.0,6
MSC_53044.0,4
MSC_69742.0,6
MSC_75531.0,0
MSC_37436.0,0
MSC_63133.0,6
MSC_70836.0,5
MSC_48867.0,1
MSC_60018.0,6
MSC_51948.0,0
MSC_58965.0,5
MSC_55608.0,6
MSC_83262.0,4
MSC_37895.0,6
MSC_72194.0,0
MSC_81863.0,6
MSC_27734.0,2
MSC_76363.0,0
MSC_86547.0,5
MSC_39313.0,6
MSC_31760.0,6
MSC_78973.0,6
MSC_81896.0,6
MSC_28336.0,1
MSC_75350.0,3
MSC_54640.0,0
MSC_27162.0,4
MSC_68568.0,5
MSC_72642.0,6
MSC_38284.0,5
MSC_69950.0,6
MSC_66814.0,6
MSC_68498.0,6
MSC_75864.0,4
MSC_25942.0,6
MSC_58243.0,0
MSC_42315.0,6
MSC_51162.0,0
MSC_39362.0,5
MSC_74709.0,0
MSC_64108.0,6
MSC_87285.0,0
MSC_44852.0,3
MSC_33214.0,5
MSC_35781.0,0
MSC_84726.0,6
MSC_63304.0,5
MSC_59997.0,4
MSC_26665.0,5
MSC_49533.0,6
MSC_63581.0,5
MSC_48954.0,4
MSC_57084.0,6
MSC_76674.0,5
MSC_50872.0,0
MSC_88624.0,1
MSC_60736.0,0
MSC_67341.0,6
MSC_68248.0,4
MSC_80459.0,4
MSC_22942.0,5
MSC_73085.0,6
MSC_91727.0,4
MSC_22462.0,4
MSC_31437.0,5
MSC_25879.0,0
MSC_69171.0,2
MSC_47195.0,0
MSC_86067.0,6
MSC_37658.0,4
MSC_81583.0,0
MSC_84308.0,5
MSC_38698.0,6
MSC_24710.0,4
MSC_40458.0,6
MSC_40622.0,6
MSC_58808.0,6
MSC_64717.0,6
MSC_54335.0,5
MSC_89679.0,0
MSC_24488.0,0
MSC_73091.0,4
MSC_58541.0,6
MSC_84692.0,6
MSC_39062.0,5
MSC_62461.0,4
MSC_57332.0,6
MSC_90997.0,6
MSC_34517.0,6
MSC_56130.0,5
MSC_84332.0,1
MSC_32201.0,0
MSC_27597.0,0
MSC_60796.0,4
MSC_60247.0,4
MSC_49353.0,6
MSC_52024.0,6
MSC_82970.0,6
MSC_79966.0,6
MSC_27901.0,0
MSC_84467.0,6
MSC_78909.0,0
MSC_83952.0,4
MSC_35352.0,1
MSC_72062.0,6
MSC_25185.0,6
MSC_26399.0,6
MSC_56161.0,5
MSC_63774.0,4
MSC_63270.0,0
MSC_35613.0,4
MSC_35783.0,0
MSC_40868.0,4
MSC_80540.0,6
MSC_81555.0,0
MSC_34240.0,0
MSC_86121.0,5
MSC_60006.0,6
MSC_56544.0,6
MSC_38544.0,5
MSC_30674.0,0
MSC_62130.0,6
MSC_24165.0,4
MSC_75128.0,4
MSC_60296.0,6
MSC_38807.0,6
MSC_53848.0,0
MSC_46178.0,0
MSC_25552.0,5
MSC_53920.0,0
MSC_36524.0,6
MSC_84474.0,0
MSC_70226.0,5
MSC_71648.0,5
MSC_61458.0,6
MSC_48074.0,6
MSC_67782.0,5
MSC_52307.0,0
MSC_70249.0,6
MSC_25206.0,0
MSC_79923.0,6
MSC_21998.0,4
MSC_89173.0,5
MSC_83863.0,4
MSC_79607.0,0
MSC_54683.0,0
MSC_62558.0,0
MSC_87690.0,5
MSC_35872.0,4
MSC_27319.0,0
MSC_41684.0,6
MSC_67776.0,4
MSC_55676.0,6
MSC_88156.0,4
MSC_77326.0,0
MSC_23548.0,6
MSC_24188.0,6
MSC_63554.0,6
MSC_75298.0,4
MSC_37533.0,0
MSC_28911.0,0
MSC_57971.0,0
MSC_38723.0,5
MSC_32225.0,0
MSC_44314.0,6
MSC_39978.0,5
MSC_45943.0,5
MSC_54283.0,4
MSC_84282.0,5
MSC_37050.0,0
MSC_51852.0,0
MSC_74928.0,5
MSC_88939.0,0
MSC_65903.0,4
MSC_70084.0,6
MSC_25287.0,0
MSC_79106.0,5
MSC_68512.0,4
MSC_38341.0,1
MSC_42262.0,4
MSC_81503.0,1
MSC_86918.0,6
MSC_55866.0,5
MSC_47251.0,5
MSC_28964.0,6
MSC_90556.0,6
MSC_31729.0,2
MSC_83738.0,6
MSC_55348.0,5
MSC_75424.0,0
MSC_67741.0,6
MSC_46582.0,6
MSC_45738.0,0
MSC_40735.0,6
MSC_49850.0,6
MSC_78219.0,0
MSC_46383.0,4
MSC_39599.0,5
MSC_62735.0,5
MSC_37609.0,6
MSC_61508.0,6
MSC_30673.0,0
MSC_51177.0,4
MSC_70278.0,5
MSC_64523.0,0
MSC_38893.0,4
MSC_26669.0,4
MSC_26770.0,6
MSC_24718.0,5
MSC_89325.0,6
MSC_35304.0,4
MSC_80959.0,0
MSC_91083.0,5
MSC_60541.0,6
MSC_63383.0,5
MSC_22853.0,6
MSC_86706.0,6
MSC_75782.0,0
MSC_67008.0,0
MSC_70471.0,6
MSC_33037.0,6
MSC_29985.0,5
MSC_50292.0,5
MSC_21019.0,6
MSC_80276.0,4
MSC_42624.0,6
MSC_29696.0,5
MSC_26483.0,6
MSC_90515.0,6
MSC_42652.0,4
MSC_85426.0,6
MSC_67905.0,6
MSC_47963.0,5
MSC_77014.0,6
MSC_43191.0,6
MSC_33352.0,1
MSC_62955.0,0
MSC_66921.0,6
MSC_75522.0,6
MSC_28611.0,6
MSC_91451.0,2
MSC_52188.0,4
MSC_68062.0,6
MSC_81284.0,6
MSC_33271.0,5
MSC_23657.0,6
MSC_79130.0,2
MSC_52879.0,0
MSC_44608.0,6
MSC_67207.0,0
MSC_54413.0,6
MSC_64084.0,0
MSC_23784.0,0
MSC_47547.0,5
MSC_23962.0,2
MSC_58987.0,0
MSC_69239.0,6
MSC_41120.0,0
MSC_52204.0,4
MSC_86808.0,6
MSC_30361.0,0
MSC_83948.0,6
MSC_38693.0,0
MSC_23990.0,0
MSC_26533.0,5
MSC_41833.0,4
MSC_80429.0,6
MSC_51105.0,5
MSC_33653.0,6
MSC_80039.0,4
MSC_47907.0,6
MSC_66792.0,5
MSC_53653.0,5
MSC_80203.0,1
MSC_79896.0,6
MSC_47864.0,5
MSC_76602.0,6
MSC_71531.0,6
MSC_52100.0,5
MSC_39164.0,0
MSC_73321.0,4
MSC_81818.0,6
MSC_78865.0,0
MSC_65466.0,5
MSC_65792.0,5
MSC_25260.0,4
MSC_31231.0,0
MSC_89029.0,4
MSC_56943.0,5
MSC_87709.0,5
MSC_84508.0,1
MSC_60313.0,5
MSC_67826.0,4
MSC_79673.0,5
MSC_51091.0,0
MSC_49047.0,0
MSC_62615.0,2
MSC_50660.0,0
MSC_26839.0,6
MSC_41011.0,5
MSC_88404.0,6
MSC_24551.0,5
MSC_80418.0,0
MSC_32659.0,6
MSC_27827.0,0
MSC_74544.0,0
MSC_40402.0,0
MSC_40492.0,4
MSC_64096.0,0
MSC_28216.0,0
MSC_24856.0,1
MSC_63478.0,6
MSC_59401.0,5
MSC_27027.0,0
MSC_21362.0,0
MSC_40987.0,0
MSC_26340.0,5
MSC_52158.0,6
MSC_21811.0,4
MSC_44362.0,5
MSC_38219.0,0
MSC_72903.0,4
MSC_28449.0,0
MSC_81807.0,6
MSC_63427.0,6
MSC_45935.0,0
MSC_40956.0,0
MSC_48999.0,6
MSC_61743.0,6
MSC_55632.0,4
MSC_73810.0,4
MSC_72748.0,6
MSC_21839.0,6
MSC_68076.0,6
MSC_36477.0,6
MSC_90721.0,0
MSC_49962.0,4
MSC_43510.0,4
MSC_36893.0,1
MSC_80375.0,6
MSC_28692.0,2
MSC_21264.0,0
MSC_74379.0,0
MSC_55358.0,6
MSC_28020.0,5
MSC_59223.0,4
MSC_90554.0,4
MSC_38052.0,6
MSC_72089.0,5
MSC_63811.0,4
MSC_50767.0,6
MSC_48713.0,4
MSC_47091.0,5
MSC_72272.0,2
MSC_53634.0,5
MSC_22795.0,0
MSC_59969.0,5
MSC_43199.0,4
MSC_64212.0,5
MSC_21030.0,6
MSC_75616.0,6
MSC_55552.0,4
MSC_77432.0,0
MSC_23302.0,4
MSC_70522.0,6
MSC_34921.0,6
MSC_88166.0,5
MSC_88763.0,0
MSC_90143.0,5
MSC_38779.0,5
MSC_42651.0,5
MSC_72156.0,4
MSC_73674.0,6
MSC_32781.0,4
MSC_65518.0,0
MSC_82350.0,5
MSC_81928.0,6
MSC_59700.0,4
MSC_58490.0,6
MSC_53909.0,5
MSC_51965.0,0
MSC_79909.0,0
MSC_68553.0,4
MSC_23251.0,5
MSC_82655.0,6
MSC_75508.0,5
MSC_79234.0,5
MSC_28030.0,4
MSC_70435.0,4
MSC_83400.0,0
MSC_49218.0,5
MSC_88435.0,5
MSC_24432.0,6
MSC_76905.0,4
MSC_83001.0,5
MSC_40263.0,6
MSC_64848.0,6
MSC_83732.0,4
MSC_47030.0,5
MSC_61245.0,0
MSC_27329.0,4
MSC_28726.0,5
MSC_68510.0,4
MSC_38384.0,0
MSC_40727.0,0
MSC_32482.0,0
MSC_53896.0,6
MSC_60294.0,0
MSC_65399.0,6
MSC_22701.0,4
MSC_74592.0,0
MSC_86211.0,6
MSC_64867.0,6
MSC_79521.0,6
MSC_46318.0,4
MSC_59462.0,6
MSC_66492.0,6
MSC_51446.0,0
MSC_65456.0,6
MSC_85550.0,5
MSC_80215.0,0
MSC_45791.0,4
MSC_53283.0,6
MSC_31708.0,2
MSC_31152.0,6
MSC_76951.0,0
MSC_24054.0,4
MSC_32799.0,6
MSC_59749.0,4
MSC_73494.0,0
MSC_35794.0,4
MSC_83238.0,0
MSC_75407.0,0
MSC_20084.0,0
MSC_52271.0,6
MSC_37980.0,6
MSC_30949.0,5
MSC_76632.0,0
MSC_81310.0,5
MSC_24346.0,5
MSC_63959.0,0
MSC_26351.0,5
MSC_36795.0,0
MSC_45757.0,6
MSC_45372.0,6
MSC_30064.0,6
MSC_54191.0,4
MSC_37937.0,5
MSC_52782.0,5
MSC_51030.0,4
MSC_20468.0,5
MSC_89073.0,5
MSC_84377.0,4
MSC_44583.0,0
MSC_81166.0,4
MSC_65544.0,4
MSC_78383.0,0
MSC_90662.0,2
MSC_25186.0,6
MSC_64016.0,4
MSC_67709.0,2
MSC_21276.0,5
MSC_33919.0,4
MSC_25592.0,6
MSC_48233.0,0
MSC_31064.0,6
MSC_56378.0,5
MSC_20328.0,6
MSC_35228.0,6
MSC_62495.0,6
MSC_73699.0,4
MSC_42718.0,4
MSC_64928.0,1
MSC_31419.0,5
MSC_70712.0,0
MSC_42452.0,5
MSC_49913.0,1
MSC_65672.0,0
MSC_45166.0,4
MSC_65285.0,6
MSC_59848.0,6
MSC_81661.0,6
MSC_30198.0,6
MSC_60143.0,0
MSC_25081.0,6
MSC_62908.0,4
MSC_67422.0,5
MSC_28760.0,5
MSC_34695.0,0
MSC_25639.0,0
MSC_47576.0,0
MSC_28954.0,0
MSC_28106.0,5
MSC_86283.0,4
MSC_28181.0,5
MSC_40410.0,5
MSC_59253.0,0
MSC_82318.0,0
MSC_25695.0,0
MSC_53572.0,0
MSC_62271.0,1
MSC_21124.0,5
MSC_24127.0,6
MSC_65351.0,5
MSC_55687.0,4
MSC_46312.0,4
MSC_47026.0,0
MSC_71995.0,0
MSC_87151.0,0
MSC_42280.0,2
MSC_70477.0,6
MSC_42243.0,0
MSC_86247.0,5
MSC_53885.0,6
MSC_78337.0,0
MSC_66426.0,6
MSC_83408.0,2
MSC_88693.0,4
MSC_74219.0,5
MSC_52905.0,0
MSC_59023.0,5
MSC_24851.0,0
MSC_76138.0,5
MSC_41512.0,0
MSC_89077.0,6
MSC_68544.0,4
MSC_56795.0,4
MSC_52351.0,5
MSC_29226.0,4
MSC_56722.0,4
MSC_90387.0,0
MSC_83712.0,5
MSC_43050.0,5
MSC_91146.0,6
MSC_66023.0,6
MSC_85765.0,5
MSC_84236.0,5
MSC_20887.0,6
MSC_85502.0,0
MSC_61057.0,0
MSC_48484.0,0
MSC_37796.0,6
MSC_24861.0,0
MSC_79697.0,0
MSC_73696.0,6
MSC_56375.0,1
MSC_75738.0,5
MSC_43835.0,6
MSC_53028.0,6
MSC_30051.0,0
MSC_66700.0,0
MSC_47644.0,2
MSC_56587.0,5
MSC_86388.0,1
MSC_29602.0,5
MSC_53545.0,0
MSC_41537.0,0
MSC_85446.0,6
MSC_74149.0,5
MSC_29402.0,6
MSC_60454.0,6
MSC_43513.0,0
MSC_23375.0,6
MSC_76081.0,4
MSC_68224.0,6
MSC_77847.0,6
MSC_31941.0,6
MSC_43769.0,0
MSC_63226.0,0
MSC_58642.0,0
MSC_72021.0,6
MSC_21280.0,5
MSC_67800.0,5
MSC_24201.0,5
MSC_76704.0,5
MSC_57141.0,4
MSC_42057.0,6
MSC_64976.0,6
MSC_66270.0,4
MSC_22471.0,6
MSC_84192.0,0
MSC_22418.0,5
MSC_64554.0,1
MSC_81952.0,0
MSC_75572.0,6
MSC_77579.0,5
MSC_39574.0,0
MSC_77279.0,6
MSC_22216.0,4
MSC_59354.0,6
MSC_36923.0,6
MSC_73491.0,6
MSC_79203.0,0
MSC_55801.0,0
MSC_68049.0,0
MSC_78864.0,6
MSC_62422.0,0
MSC_57208.0,3
MSC_23966.0,6
MSC_40270.0,5
MSC_48329.0,4
MSC_87712.0,5
MSC_81354.0,6
MSC_70336.0,4
MSC_26423.0,0
MSC_65916.0,0
MSC_71260.0,5
MSC_79515.0,0
MSC_81749.0,4
MSC_86694.0,4
MSC_65146.0,6
MSC_22251.0,4
MSC_32395.0,6
MSC_35704.0,5
MSC_63186.0,0
MSC_27014.0,4
MSC_90641.0,4
MSC_46356.0,0
MSC_44090.0,6
MSC_60649.0,0
MSC_85714.0,0
MSC_73660.0,0
MSC_78033.0,5
MSC_65375.0,5
MSC_84715.0,5
MSC_84932.0,6
MSC_87243.0,5
MSC_62465.0,6
MSC_77633.0,4
MSC_44257.0,6
MSC_83082.0,5
MSC_51867.0,6
MSC_90336.0,5
MSC_31749.0,0
MSC_65138.0,5
MSC_87700.0,4
MSC_72296.0,6
MSC_70974.0,6
MSC_39296.0,0
MSC_41184.0,5
MSC_57474.0,0
MSC_73038.0,4
MSC_26001.0,0
MSC_77805.0,5
MSC_26379.0,0
MSC_44304.0,5
MSC_84898.0,4
MSC_71673.0,1
MSC_42612.0,0
MSC_60069.0,6
MSC_56342.0,4
MSC_23859.0,4
MSC_74728.0,5
MSC_67775.0,6
MSC_30068.0,4
MSC_87213.0,0
MSC_42112.0,0
MSC_62903.0,0
MSC_21254.0,0
MSC_59396.0,5
MSC_58273.0,4
MSC_85347.0,6
MSC_73753.0,6
MSC_87620.0,6
MSC_25611.0,6
MSC_27291.0,5
MSC_72830.0,6
MSC_56195.0,6
MSC_81633.0,4
MSC_27515.0,5
MSC_86573.0,0
MSC_47473.0,0
MSC_53644.0,4
MSC_59461.0,0
MSC_43919.0,6
MSC_60160.0,6
MSC_28142.0,6
MSC_33252.0,0
MSC_31198.0,6
MSC_72428.0,5
MSC_90783.0,5
MSC_41340.0,0
MSC_90401.0,4
MSC_74816.0,0
MSC_77465.0,5
MSC_38053.0,0
MSC_54255.0,0
MSC_28021.0,5
MSC_33229.0,6
MSC_62184.0,6
MSC_25973.0,0
MSC_30590.0,0
MSC_80098.0,5
MSC_24464.0,0
MSC_67587.0,0
MSC_29560.0,6
MSC_29885.0,6
MSC_54550.0,6
MSC_68946.0,4
MSC_48487.0,4
MSC_84269.0,4
MSC_85358.0,6
MSC_48473.0,6
MSC_49164.0,6
MSC_20110.0,5
MSC_68413.0,1
MSC_89619.0,5
MSC_25109.0,1
MSC_58418.0,4
MSC_67342.0,0
MSC_63323.0,4
MSC_40335.0,4
MSC_43724.0,6
MSC_76289.0,4
MSC_90811.0,0
MSC_71913.0,3
MSC_23424.0,0
MSC_32790.0,6
MSC_35942.0,0
MSC_22675.0,5
MSC_24641.0,4
MSC_88923.0,4
MSC_72632.0,5
MSC_36008.0,4
MSC_77141.0,5
MSC_63682.0,6
MSC_23184.0,6
MSC_43195.0,0
MSC_75499.0,5
MSC_49951.0,5
MSC_73988.0,6
MSC_55962.0,2
MSC_62998.0,3
MSC_63310.0,0
MSC_45712.0,5
MSC_45463.0,6
MSC_76627.0,4
MSC_63450.0,5
MSC_38593.0,5
MSC_59614.0,4
MSC_65248.0,6
MSC_56640.0,5
MSC_56318.0,5
MSC_84398.0,6
MSC_47388.0,5
MSC_47024.0,4
MSC_24882.0,6
MSC_61571.0,5
MSC_86451.0,4
MSC_43240.0,6
MSC_58695.0,5
MSC_84601.0,6
MSC_83337.0,5
MSC_43533.0,6
MSC_50835.0,0
MSC_37389.0,5
MSC_66073.0,6
MSC_40731.0,5
MSC_25328.0,4
MSC_75538.0,6
MSC_34398.0,5
MSC_67499.0,5
MSC_61640.0,5
MSC_36596.0,5
MSC_34786.0,4
MSC_22936.0,5
MSC_51712.0,6
MSC_20450.0,6
MSC_86729.0,4
MSC_72000.0,6
MSC_62244.0,0
MSC_24961.0,4
MSC_23476.0,6
MSC_45016.0,0
MSC_28133.0,6
MSC_30159.0,6
MSC_28095.0,6
MSC_71137.0,0
MSC_60919.0,5
MSC_50216.0,6
MSC_37599.0,0
MSC_43075.0,6
MSC_83282.0,6
MSC_69297.0,6
MSC_84054.0,6
MSC_51874.0,1
MSC_53198.0,5
MSC_53410.0,0
MSC_51876.0,6
MSC_55898.0,6
MSC_48711.0,6
MSC_38378.0,4
MSC_39224.0,6
MSC_26428.0,4
MSC_22801.0,5
MSC_51451.0,0
MSC_22351.0,5
MSC_91728.0,6
MSC_29194.0,5
MSC_74397.0,3
MSC_38211.0,2
MSC_29866.0,0
MSC_37235.0,5
MSC_83609.0,4
MSC_60412.0,6
MSC_81602.0,4
MSC_55933.0,6
MSC_74488.0,6
MSC_38815.0,6
MSC_72477.0,0
MSC_78875.0,0
MSC_43092.0,1
MSC_86927.0,0
MSC_69853.0,4
MSC_69594.0,0
MSC_29596.0,0
MSC_21462.0,6
MSC_33885.0,5
MSC_84400.0,4
MSC_78027.0,6
MSC_25201.0,6
MSC_51938.0,1
MSC_67947.0,5
MSC_36309.0,0
MSC_83407.0,6
MSC_51811.0,5
MSC_34546.0,0
MSC_85534.0,4
MSC_90528.0,5
MSC_68326.0,6
MSC_23709.0,1
MSC_91657.0,4
MSC_64795.0,0
MSC_81988.0,5
MSC_67506.0,1
MSC_65609.0,0
MSC_76699.0,0
MSC_71989.0,6
MSC_34245.0,2
MSC_86953.0,4
MSC_22543.0,4
MSC_69488.0,0
MSC_38375.0,5
MSC_49288.0,0
MSC_55314.0,5
MSC_61807.0,5
MSC_48203.0,2
MSC_41826.0,4
MSC_34796.0,0
MSC_28130.0,0
MSC_52086.0,4
MSC_80144.0,5
MSC_60022.0,6
MSC_53118.0,5
MSC_90818.0,1
MSC_68785.0,1
MSC_68969.0,0
MSC_82229.0,6
MSC_27584.0,5
MSC_58510.0,6
MSC_41569.0,6
MSC_28510.0,4
MSC_20638.0,4
MSC_73869.0,4
MSC_53057.0,0
MSC_29243.0,0
MSC_87136.0,5
MSC_53987.0,0
MSC_34086.0,6
MSC_83639.0,4
MSC_40750.0,0
MSC_81004.0,0
MSC_89458.0,4
MSC_22140.0,0
MSC_22156.0,5
MSC_74934.0,0
MSC_20600.0,0
MSC_53142.0,6
MSC_25234.0,6
MSC_37764.0,0
MSC_89739.0,1
MSC_41127.0,1
MSC_64887.0,6
MSC_49626.0,4
MSC_63498.0,5
MSC_62437.0,6
MSC_53731.0,6
MSC_52555.0,1
MSC_44613.0,6
MSC_39903.0,0
MSC_49337.0,0
MSC_29180.0,6
MSC_39976.0,0
MSC_81668.0,0
MSC_40036.0,6
MSC_28068.0,6
MSC_40142.0,5
MSC_51454.0,0
MSC_85771.0,0
MSC_66119.0,0
MSC_22036.0,2
MSC_47291.0,2
MSC_60015.0,4
MSC_28763.0,0
MSC_33302.0,6
MSC_90271.0,1
MSC_64557.0,4
MSC_40084.0,0
MSC_23933.0,6
MSC_65336.0,0
MSC_52294.0,4
MSC_20792.0,1
MSC_21656.0,0
MSC_49346.0,6
MSC_68954.0,0
MSC_35564.0,5
MSC_47657.0,6
MSC_37771.0,5
MSC_59014.0,4
MSC_38020.0,5
MSC_90763.0,6
MSC_69728.0,0
MSC_27893.0,6
MSC_53953.0,6
MSC_42053.0,0
MSC_85643.0,1
MSC_42888.0,0
MSC_63031.0,5
MSC_73263.0,4
MSC_70141.0,5
MSC_74013.0,4
MSC_49363.0,5
MSC_50474.0,6
MSC_52222.0,6
MSC_77002.0,0
MSC_26940.0,0
MSC_75135.0,4
MSC_49016.0,0
MSC_43539.0,0
MSC_90669.0,5
MSC_25412.0,6
MSC_77538.0,4
MSC_51796.0,6
MSC_74675.0,6
MSC_33437.0,1
MSC_77322.0,6
MSC_46331.0,6
MSC_39551.0,4
MSC_52273.0,6
MSC_37565.0,4
MSC_77607.0,5
MSC_53312.0,6
MSC_30775.0,4
MSC_43062.0,1
MSC_28459.0,5
MSC_36777.0,6
MSC_74651.0,5
MSC_59873.0,6
MSC_37115.0,4
MSC_30439.0,4
MSC_45175.0,0
MSC_77528.0,5
MSC_23568.0,0
MSC_23292.0,2
MSC_27225.0,5
MSC_88520.0,6
MSC_84364.0,6
MSC_89545.0,6
MSC_89366.0,0
MSC_46859.0,4
MSC_50271.0,0
MSC_81743.0,4
MSC_30693.0,0
MSC_30504.0,4
MSC_69537.0,0
MSC_32947.0,6
MSC_23832.0,0
MSC_26582.0,0
MSC_67637.0,5
MSC_32057.0,5
MSC_36399.0,0
MSC_86397.0,5
MSC_78696.0,6
MSC_51144.0,5
MSC_52247.0,4
MSC_39256.0,6
MSC_51263.0,4
MSC_51677.0,5
MSC_30470.0,4
MSC_76605.0,4
MSC_45154.0,0
MSC_44744.0,0
MSC_44295.0,6
MSC_40081.0,0
MSC_66340.0,4
MSC_90750.0,0
MSC_31961.0,0
MSC_66435.0,0
MSC_58904.0,5
MSC_69116.0,6
MSC_59616.0,5
MSC_60597.0,0
MSC_70201.0,0
MSC_24375.0,6
MSC_56140.0,5
MSC_23702.0,6
MSC_80974.0,0
MSC_66676.0,4
MSC_50359.0,2
MSC_82418.0,6
MSC_20338.0,5
MSC_62918.0,0
MSC_29671.0,0
MSC_59764.0,6
MSC_64372.0,6
MSC_56925.0,5
MSC_53206.0,5
MSC_45561.0,6
MSC_27333.0,5
MSC_64351.0,6
MSC_60371.0,4
MSC_47868.0,5
MSC_51739.0,4
MSC_86876.0,6
MSC_60126.0,6
MSC_24585.0,6
MSC_69955.0,4
MSC_70423.0,5
MSC_22891.0,4
MSC_23991.0,4
MSC_25499.0,0
MSC_86236.0,4
MSC_28540.0,0
MSC_73731.0,0
MSC_30571.0,0
MSC_81772.0,6
MSC_78663.0,0
MSC_39080.0,5
MSC_80891.0,0
MSC_22544.0,5
MSC_50760.0,0
MSC_44623.0,3
MSC_87905.0,1
MSC_72155.0,6
MSC_54068.0,4
MSC_70357.0,0
MSC_77832.0,5
MSC_45822.0,5
MSC_65840.0,6
MSC_82424.0,6
MSC_91325.0,0
MSC_88275.0,5
MSC_35723.0,1
MSC_52691.0,0
MSC_23551.0,0
MSC_64091.0,1
MSC_80624.0,5
MSC_70428.0,5
MSC_51525.0,6
MSC_25893.0,0
MSC_79343.0,4
MSC_83212.0,6
MSC_24519.0,4
MSC_82130.0,6
MSC_91338.0,4
MSC_80047.0,5
MSC_41759.0,0
MSC_24972.0,5
MSC_25894.0,5
MSC_48189.0,4
MSC_29511.0,1
MSC_21486.0,0
MSC_31722.0,0
MSC_33734.0,0
MSC_61335.0,0
MSC_69359.0,6
MSC_47781.0,0
MSC_50642.0,6
MSC_61004.0,6
MSC_44973.0,0
MSC_22122.0,5
MSC_41721.0,6
MSC_32210.0,0
MSC_68493.0,5
MSC_44534.0,4
MSC_63269.0,0
MSC_63972.0,5
MSC_65201.0,4
MSC_45084.0,1
MSC_84378.0,5
MSC_30320.0,6
MSC_52981.0,4
MSC_30502.0,0
MSC_76013.0,0
MSC_46884.0,4
MSC_40231.0,6
MSC_51868.0,4
MSC_90280.0,4
MSC_83768.0,0
MSC_49338.0,6
MSC_66727.0,4
MSC_64007.0,5
MSC_78493.0,6
MSC_53638.0,4
MSC_76934.0,4
MSC_50461.0,0
MSC_89227.0,6
MSC_48660.0,1
MSC_32503.0,0
MSC_74320.0,5
MSC_23930.0,0
MSC_46786.0,5
MSC_42551.0,4
MSC_61889.0,5
MSC_73301.0,5
MSC_44244.0,0
MSC_79357.0,0
MSC_38505.0,5
MSC_88391.0,0
MSC_22737.0,6
MSC_57507.0,1
MSC_25009.0,4
MSC_43501.0,6
MSC_37056.0,0
MSC_43398.0,6
MSC_79846.0,4
MSC_90517.0,5
MSC_36984.0,0
MSC_80001.0,0
MSC_21768.0,6
MSC_79661.0,0
MSC_27819.0,6
MSC_80298.0,6
MSC_53364.0,5
MSC_70955.0,4
MSC_23163.0,0
MSC_59844.0,6
MSC_37514.0,5
MSC_20703.0,0
MSC_45895.0,4
MSC_35862.0,0
MSC_62048.0,6
MSC_64418.0,4
MSC_26049.0,5
MSC_51117.0,6
MSC_29592.0,4
MSC_48939.0,5
MSC_55658.0,2
MSC_74434.0,4
MSC_48539.0,5
MSC_88414.0,4
MSC_56645.0,4
MSC_46154.0,6
MSC_22162.0,4
MSC_49333.0,0
MSC_69435.0,5
MSC_42028.0,0
MSC_36846.0,5
MSC_38011.0,5
MSC_31500.0,2
MSC_55644.0,0
MSC_53705.0,0
MSC_82561.0,6
MSC_40269.0,5
MSC_24386.0,4
MSC_40421.0,6
MSC_30722.0,0
MSC_31087.0,5
MSC_58467.0,3
MSC_61679.0,4
MSC_66212.0,6
MSC_61766.0,6
MSC_49105.0,0
MSC_83235.0,5
MSC_75770.0,4
MSC_47786.0,0
MSC_65439.0,6
MSC_36731.0,4
MSC_66618.0,1
MSC_80694.0,6
MSC_65207.0,6
MSC_30396.0,0
MSC_55821.0,5
MSC_25452.0,5
MSC_66692.0,4
MSC_55349.0,0
MSC_38696.0,5
MSC_83465.0,0
MSC_71301.0,4
MSC_42870.0,5
MSC_80902.0,6
MSC_63179.0,6
MSC_25326.0,0
MSC_48459.0,0
MSC_40827.0,4
MSC_22814.0,5
MSC_39099.0,6
MSC_70277.0,0
MSC_64272.0,4
MSC_60233.0,0
MSC_46450.0,0
MSC_75517.0,0
MSC_64166.0,6
MSC_83417.0,6
MSC_55995.0,0
MSC_87149.0,4
MSC_82538.0,0
MSC_26532.0,6
MSC_68645.0,6
MSC_29057.0,6
MSC_36285.0,5
MSC_67390.0,4
MSC_46361.0,0
MSC_58624.0,4
MSC_88000.0,6
MSC_81786.0,4
MSC_31753.0,6
MSC_40685.0,0
MSC_27619.0,4
MSC_20153.0,6
MSC_26984.0,5
MSC_46499.0,6
MSC_37139.0,6
MSC_63763.0,6
MSC_37289.0,5
MSC_23699.0,5
MSC_27404.0,6
MSC_59474.0,0
MSC_75633.0,4
MSC_23065.0,0
MSC_61819.0,0
MSC_58368.0,5
MSC_83513.0,2
MSC_60056.0,4
MSC_56455.0,4
MSC_37858.0,6
MSC_60917.0,0
MSC_34098.0,2
MSC_27608.0,5
MSC_46787.0,4
MSC_44187.0,5
MSC_36626.0,1
MSC_90781.0,0
MSC_36308.0,1
MSC_59710.0,0
MSC_90873.0,6
MSC_79931.0,6
MSC_88993.0,6
MSC_73778.0,5
MSC_75000.0,6
MSC_58315.0,5
MSC_80567.0,4
MSC_88232.0,6
MSC_28399.0,5
MSC_67126.0,0
MSC_43659.0,6
MSC_48121.0,6
MSC_52097.0,6
MSC_34449.0,0
MSC_63594.0,4
MSC_65579.0,4
MSC_41653.0,4
MSC_74682.0,0
MSC_65239.0,0
MSC_26585.0,0
MSC_23531.0,6
MSC_71189.0,0
MSC_40929.0,4
MSC_37532.0,0
MSC_71954.0,6
MSC_85977.0,0
MSC_41518.0,6
MSC_90954.0,4
MSC_30706.0,5
MSC_76006.0,5
MSC_67863.0,1
MSC_57423.0,0
MSC_69760.0,2
MSC_43264.0,0
MSC_60370.0,0
MSC_70271.0,0
MSC_24657.0,4
MSC_75032.0,4
MSC_33343.0,6
MSC_24069.0,5
MSC_59538.0,5
MSC_35179.0,6
MSC_37773.0,0
MSC_64266.0,6
MSC_55223.0,6
MSC_55627.0,6
MSC_80961.0,6
MSC_39483.0,6
MSC_45257.0,0
MSC_58267.0,5
MSC_78148.0,4
MSC_74621.0,0
MSC_48970.0,6
MSC_78288.0,4
MSC_44770.0,0
MSC_32997.0,0
MSC_49405.0,0
MSC_44794.0,5
MSC_51084.0,4
MSC_83778.0,0
MSC_30395.0,5
MSC_66735.0,0
MSC_42013.0,5
MSC_74349.0,6
MSC_53952.0,5
MSC_61115.0,0
MSC_42709.0,6
MSC_52251.0,4
MSC_36176.0,5
MSC_64396.0,6
MSC_31609.0,6
MSC_43223.0,0
MSC_66220.0,5
MSC_78502.0,0
MSC_37418.0,6
MSC_52764.0,6
MSC_90536.0,6
MSC_33965.0,1
MSC_43024.0,4
MSC_24138.0,4
MSC_27830.0,6
MSC_37936.0,6
MSC_75023.0,4
MSC_58954.0,0
MSC_38232.0,0
MSC_89198.0,6
MSC_42935.0,6
MSC_56252.0,5
MSC_73044.0,0
MSC_25674.0,4
MSC_62377.0,0
MSC_79469.0,6
MSC_65502.0,1
MSC_48861.0,5
MSC_77944.0,1
MSC_59104.0,0
MSC_53685.0,5
MSC_40508.0,6
MSC_56053.0,0
MSC_82006.0,6
MSC_51288.0,4
MSC_90087.0,6
MSC_75561.0,0
MSC_80494.0,0
MSC_67399.0,1
MSC_80384.0,4
MSC_40130.0,6
MSC_27199.0,6
MSC_32985.0,5
MSC_30394.0,0
MSC_72385.0,5
MSC_80060.0,6
MSC_23504.0,0
MSC_35965.0,0
MSC_79644.0,0
MSC_75659.0,6
MSC_48686.0,0
MSC_61267.0,4
MSC_76563.0,6
MSC_71756.0,4
MSC_64548.0,0
MSC_29407.0,5
MSC_58865.0,6
MSC_51603.0,5
MSC_60358.0,6
MSC_89921.0,6
MSC_77079.0,6
MSC_29257.0,6
MSC_68921.0,5
MSC_59458.0,4
MSC_71919.0,0
MSC_46082.0,1
MSC_42032.0,5
MSC_48862.0,4
MSC_62324.0,0
MSC_83319.0,5
MSC_83553.0,1
MSC_29839.0,4
MSC_60659.0,6
MSC_25217.0,4
MSC_62229.0,0
MSC_28933.0,4
MSC_50515.0,5
MSC_68398.0,5
MSC_88264.0,4
MSC_44610.0,5
MSC_88514.0,0
MSC_76427.0,0
MSC_45103.0,5
MSC_39132.0,0
MSC_70778.0,6
MSC_80324.0,6
MSC_81217.0,5
MSC_82886.0,6
MSC_66167.0,5
MSC_69172.0,0
MSC_70046.0,5
MSC_64648.0,1
MSC_58148.0,4
MSC_82226.0,5
MSC_38937.0,0
MSC_24729.0,4
MSC_24353.0,0
MSC_51065.0,6
MSC_20671.0,6
MSC_58774.0,6
MSC_36271.0,5
MSC_29061.0,0
MSC_53693.0,4
MSC_56710.0,6
MSC_75878.0,4
MSC_78898.0,6
MSC_81862.0,6
MSC_38234.0,6
MSC_53855.0,0
MSC_54364.0,6
MSC_29271.0,0
MSC_62261.0,0
MSC_73844.0,6
MSC_33195.0,0
MSC_22313.0,6
MSC_64799.0,5
MSC_47311.0,5
MSC_75030.0,4
MSC_36015.0,5
MSC_56196.0,2
MSC_20200.0,5
MSC_76402.0,3
MSC_69611.0,0
MSC_79688.0,4
MSC_21528.0,1
MSC_69094.0,6
MSC_56563.0,0
MSC_25743.0,6
MSC_55982.0,5
MSC_91159.0,0
MSC_79333.0,0
MSC_37808.0,4
MSC_55959.0,0
MSC_83706.0,4
MSC_28122.0,0
MSC_69449.0,0
MSC_69720.0,4
MSC_26857.0,0
MSC_80784.0,1
MSC_29264.0,0
MSC_69315.0,6
MSC_26136.0,6
MSC_48273.0,0
MSC_64180.0,0
MSC_82850.0,5
MSC_59762.0,4
MSC_25169.0,0
MSC_46994.0,5
MSC_79426.0,4
MSC_71992.0,5
MSC_86836.0,6
MSC_37334.0,0
MSC_27862.0,4
MSC_55200.0,0
MSC_59694.0,0
MSC_90812.0,4
MSC_74800.0,6
MSC_77817.0,0
MSC_73519.0,5
MSC_82215.0,5
MSC_72717.0,6
MSC_86527.0,5
MSC_46162.0,0
MSC_77398.0,5
MSC_28882.0,0
MSC_43852.0,4
MSC_31768.0,2
MSC_78640.0,0
MSC_29597.0,5
MSC_43215.0,0
MSC_47870.0,1
MSC_49498.0,0
MSC_54542.0,4
MSC_23265.0,6
MSC_59470.0,0
MSC_37321.0,5
MSC_69457.0,0
MSC_78928.0,5
MSC_48415.0,2
MSC_49534.0,0
MSC_48287.0,0
MSC_23690.0,5
MSC_73174.0,5
MSC_33767.0,5
MSC_77423.0,0
MSC_81908.0,6
MSC_44802.0,4
MSC_54097.0,0
MSC_46820.0,0
MSC_67653.0,4
MSC_63918.0,5
MSC_51132.0,0
MSC_80184.0,4
MSC_59200.0,5
MSC_26871.0,0
MSC_68255.0,4
MSC_66980.0,5
MSC_80401.0,6
MSC_85916.0,5
MSC_37879.0,4
MSC_77686.0,4
MSC_77296.0,4
MSC_22995.0,5
MSC_27954.0,5
MSC_47392.0,0
MSC_68956.0,6
MSC_65592.0,6
MSC_89489.0,6
MSC_63733.0,6
MSC_83321.0,6
MSC_42223.0,5
MSC_68853.0,4
MSC_26022.0,6
MSC_75160.0,6
MSC_20285.0,6
MSC_80608.0,6
MSC_23145.0,5
MSC_40470.0,5
MSC_83668.0,4
MSC_50596.0,0
MSC_71015.0,5
MSC_38740.0,6
MSC_90691.0,5
MSC_51995.0,6
MSC_73572.0,4
MSC_43612.0,0
MSC_64036.0,6
MSC_45266.0,6
MSC_91674.0,0
MSC_29450.0,0
MSC_91351.0,1
MSC_65745.0,5
MSC_32696.0,6
MSC_42015.0,5
MSC_90876.0,6
MSC_39740.0,6
MSC_78152.0,6
MSC_64152.0,4
MSC_51880.0,0
MSC_72877.0,1
MSC_33369.0,5
MSC_35989.0,4
MSC_79128.0,6
MSC_47499.0,4
MSC_67836.0,6
MSC_65900.0,0
MSC_62159.0,6
MSC_23976.0,0
MSC_28117.0,6
MSC_77506.0,4
MSC_68913.0,6
MSC_49670.0,4
MSC_30291.0,4
MSC_34829.0,0
MSC_51128.0,5
MSC_21370.0,0
MSC_38858.0,6
MSC_44671.0,0
MSC_27950.0,6
MSC_77589.0,6
MSC_60052.0,3
MSC_63431.0,0
MSC_72842.0,6
MSC_61415.0,0
MSC_32877.0,5
MSC_49734.0,5
MSC_36499.0,4
MSC_76264.0,6
MSC_34481.0,0
MSC_78762.0,6
MSC_66988.0,6
MSC_51083.0,0
MSC_69672.0,6
MSC_31506.0,6
MSC_69439.0,4
MSC_35065.0,5
MSC_81405.0,6
MSC_89040.0,0
MSC_73067.0,4
MSC_28031.0,4
MSC_36632.0,6
MSC_49447.0,4
MSC_21415.0,5
MSC_34097.0,3
MSC_20064.0,1
MSC_52938.0,4
MSC_41477.0,5
MSC_44032.0,5
MSC_24062.0,1
MSC_34854.0,4
MSC_57213.0,0
MSC_47629.0,4
MSC_52094.0,2
MSC_80314.0,0
MSC_21818.0,4
MSC_57157.0,5
MSC_79055.0,0
MSC_24238.0,5
MSC_50854.0,4
MSC_31089.0,5
MSC_90283.0,6
MSC_81664.0,0
MSC_78079.0,6
MSC_53515.0,5
MSC_47736.0,6
MSC_74460.0,4
MSC_25292.0,4
MSC_70582.0,6
MSC_37534.0,6
MSC_77238.0,0
MSC_71093.0,5
MSC_39894.0,5
MSC_54147.0,6
MSC_54986.0,6
MSC_25457.0,0
MSC_51063.0,5
MSC_58878.0,5
MSC_45721.0,5
MSC_62507.0,5
MSC_27187.0,4
MSC_48002.0,5
MSC_73221.0,6
MSC_46900.0,6
MSC_26843.0,6
MSC_52733.0,6
MSC_27358.0,5
MSC_53432.0,6
MSC_26051.0,5
MSC_30773.0,5
MSC_33928.0,4
MSC_79479.0,0
MSC_82114.0,4
MSC_67729.0,5
MSC_41723.0,6
MSC_65223.0,6
MSC_82336.0,4
MSC_37555.0,4
MSC_70411.0,0
MSC_22993.0,6
MSC_37938.0,0
MSC_88970.0,6
MSC_58347.0,0
MSC_36979.0,0
MSC_82862.0,4
MSC_43328.0,4
MSC_47818.0,0
MSC_46705.0,6
MSC_75387.0,5
MSC_26956.0,6
MSC_58502.0,1
MSC_23029.0,6
MSC_85263.0,4
MSC_54132.0,5
MSC_79009.0,0
MSC_24675.0,6
MSC_89683.0,6
MSC_75082.0,0
MSC_87667.0,4
MSC_36256.0,1
MSC_23996.0,6
MSC_82437.0,6
MSC_33926.0,0
MSC_39693.0,0
MSC_29268.0,5
MSC_46200.0,5
MSC_88417.0,4
MSC_41866.0,6
MSC_24407.0,5
MSC_55446.0,0
MSC_27773.0,0
MSC_52841.0,5
MSC_75333.0,2
MSC_91653.0,0
MSC_25783.0,5
MSC_66061.0,4
MSC_62929.0,0
MSC_36124.0,0
MSC_36903.0,4
MSC_41218.0,4
MSC_44742.0,6
MSC_37934.0,4
MSC_86023.0,0
MSC_77264.0,4
MSC_50414.0,6
MSC_66003.0,0
MSC_39375.0,6
MSC_22622.0,0
MSC_79718.0,6
MSC_64136.0,6
MSC_37461.0,6
MSC_86874.0,5
MSC_41217.0,6
MSC_64879.0,2
MSC_23749.0,5
MSC_27588.0,0
MSC_75796.0,0
MSC_62223.0,6
MSC_68809.0,6
MSC_33579.0,0
MSC_73060.0,5
MSC_24007.0,5
MSC_56460.0,0
MSC_74994.0,6
MSC_29103.0,6
MSC_40539.0,4
MSC_52099.0,5
MSC_56368.0,0
MSC_74222.0,6
MSC_91443.0,6
MSC_65297.0,6
MSC_30560.0,0
MSC_38348.0,4
MSC_44218.0,0
MSC_28602.0,0
MSC_46325.0,4
MSC_34221.0,4
MSC_61051.0,0
MSC_91096.0,6
MSC_81080.0,5
MSC_66398.0,5
MSC_30334.0,0
MSC_23978.0,5
MSC_85238.0,6
MSC_45707.0,6
MSC_83102.0,4
MSC_87385.0,6
MSC_41843.0,0
MSC_54819.0,1
MSC_45378.0,5
MSC_74186.0,6
MSC_38183.0,4
MSC_57720.0,5
MSC_45677.0,6
MSC_67436.0,0
MSC_31901.0,6
MSC_44496.0,6
MSC_76083.0,6
MSC_21211.0,6
MSC_80172.0,5
MSC_70848.0,0
MSC_32498.0,5
MSC_32797.0,1
MSC_32443.0,6
MSC_79859.0,0
MSC_68758.0,0
MSC_22684.0,6
MSC_24559.0,0
MSC_21530.0,6
MSC_54033.0,6
MSC_84809.0,3
MSC_63232.0,5
MSC_88708.0,5
MSC_43227.0,0
MSC_49256.0,6
MSC_28593.0,0
MSC_20721.0,4
MSC_25229.0,0
MSC_31440.0,0
MSC_26722.0,0
MSC_77273.0,6
MSC_35658.0,4
MSC_68753.0,0
MSC_57207.0,6
MSC_76879.0,4
MSC_33684.0,5
MSC_44907.0,0
MSC_20586.0,4
MSC_44056.0,4
MSC_57334.0,0
MSC_54003.0,4
MSC_86647.0,4
MSC_69896.0,0
MSC_57383.0,4
MSC_59916.0,5
MSC_31339.0,6
MSC_59944.0,6
MSC_20914.0,6
MSC_24387.0,5
MSC_35728.0,6
MSC_32349.0,0
MSC_74562.0,5
MSC_45655.0,4
MSC_77875.0,0
MSC_79410.0,6
MSC_30697.0,6
MSC_61330.0,0
MSC_86580.0,6
MSC_66544.0,5
MSC_83749.0,0
MSC_44790.0,5
MSC_56253.0,5
MSC_31618.0,0
MSC_84827.0,0
MSC_86867.0,6
MSC_58827.0,4
MSC_33166.0,0
MSC_65160.0,6
MSC_21347.0,6
MSC_73325.0,0
MSC_53968.0,4
MSC_28461.0,0
MSC_43615.0,4
MSC_20045.0,4
MSC_53085.0,4
MSC_60151.0,0
MSC_62935.0,6
MSC_80573.0,0
MSC_68569.0,5
MSC_48650.0,0
MSC_76201.0,5
MSC_72307.0,0
MSC_22151.0,0
MSC_23694.0,0
MSC_40197.0,6
MSC_35018.0,4
MSC_43267.0,0
MSC_58203.0,6
MSC_81294.0,4
MSC_43216.0,6
MSC_54866.0,4
MSC_83677.0,6
MSC_34105.0,0
MSC_70262.0,4
MSC_69052.0,6
MSC_58815.0,6
MSC_25627.0,4
MSC_67018.0,6
MSC_49990.0,4
MSC_68962.0,5
MSC_87455.0,4
MSC_49303.0,1
MSC_83784.0,5
MSC_21520.0,0
MSC_39408.0,6
MSC_39652.0,0
MSC_54486.0,4
MSC_77204.0,6
MSC_91525.0,0
MSC_34841.0,6
MSC_30589.0,5
MSC_38391.0,6
MSC_55636.0,6
MSC_67714.0,0
MSC_37423.0,2
MSC_30031.0,6
MSC_45071.0,0
MSC_90854.0,0
MSC_55881.0,2
MSC_47262.0,0
MSC_71470.0,6
MSC_45635.0,6
MSC_90184.0,6
MSC_70199.0,4
MSC_79063.0,6
MSC_70296.0,4
MSC_44165.0,5
MSC_62014.0,0
MSC_82549.0,6
MSC_84361.0,4
MSC_20008.0,6
MSC_23099.0,4
MSC_22421.0,6
MSC_76855.0,5
MSC_59721.0,0
MSC_72191.0,6
MSC_27968.0,0
MSC_36743.0,1
MSC_61531.0,0
MSC_66487.0,5
MSC_87691.0,6
MSC_25391.0,5
MSC_48565.0,1
MSC_64521.0,5
MSC_26145.0,4
MSC_48194.0,4
MSC_56874.0,1
MSC_66092.0,5
MSC_70136.0,5
MSC_72129.0,0
MSC_61498.0,4
MSC_83160.0,5
MSC_23373.0,0
MSC_24582.0,6
MSC_68303.0,0
MSC_60678.0,5
MSC_52499.0,2
MSC_31804.0,2
MSC_65458.0,5
MSC_22175.0,4
MSC_84823.0,6
MSC_28257.0,0
MSC_69128.0,6
MSC_88705.0,0
MSC_57904.0,5
MSC_59665.0,1
MSC_33647.0,6
MSC_53355.0,0
MSC_85562.0,4
MSC_79678.0,5
MSC_67053.0,0
MSC_71720.0,5
MSC_23083.0,4
MSC_20524.0,5
MSC_52357.0,6
MSC_31033.0,6
MSC_26175.0,4
MSC_54308.0,5
MSC_41958.0,5
MSC_65290.0,0
MSC_59505.0,4
MSC_82043.0,4
MSC_64551.0,4
MSC_50633.0,4
MSC_74010.0,5
MSC_74277.0,6
MSC_20302.0,6
MSC_62411.0,4
MSC_43096.0,6
MSC_74099.0,4
MSC_76192.0,6
MSC_51680.0,6
MSC_86057.0,6
MSC_35526.0,6
MSC_69532.0,0
MSC_78797.0,6
MSC_84189.0,0
MSC_64527.0,4
MSC_60511.0,6
MSC_84607.0,5
MSC_22091.0,6
MSC_46889.0,6
MSC_34706.0,0
MSC_25713.0,6
MSC_53186.0,0
MSC_42462.0,6
MSC_69882.0,6
MSC_85442.0,0
MSC_82787.0,5
MSC_34364.0,0
MSC_44548.0,5
MSC_49640.0,1
MSC_24236.0,6
MSC_37578.0,5
MSC_88602.0,5
MSC_87401.0,5
MSC_20839.0,4
MSC_28440.0,6
MSC_29975.0,0
MSC_47051.0,6
MSC_37955.0,0
MSC_60200.0,4
MSC_33778.0,1
MSC_45210.0,6
MSC_56251.0,1
MSC_35237.0,6
MSC_87420.0,0
MSC_77714.0,4
MSC_81525.0,6
MSC_79013.0,0
MSC_68260.0,6
MSC_57380.0,5
MSC_61240.0,1
MSC_42025.0,6
MSC_83114.0,0
MSC_38867.0,4
MSC_22373.0,6
MSC_63861.0,4
MSC_78703.0,5
MSC_35332.0,5
MSC_47114.0,6
MSC_53122.0,1
MSC_83139.0,0
MSC_64502.0,6
MSC_82750.0,5
MSC_41991.0,0
MSC_39060.0,6
MSC_52704.0,6
MSC_38290.0,0
MSC_79138.0,4
MSC_71444.0,0
MSC_89256.0,4
MSC_31373.0,6
MSC_57796.0,0
MSC_42834.0,6
MSC_49123.0,6
MSC_72103.0,6
MSC_71874.0,0
MSC_32690.0,6
MSC_62253.0,6
MSC_31304.0,6
MSC_54156.0,0
MSC_76916.0,6
MSC_67707.0,5
MSC_62804.0,6
MSC_62290.0,6
MSC_78567.0,4
MSC_33769.0,5
MSC_27784.0,0
MSC_24542.0,6
MSC_56349.0,0
MSC_58756.0,2
MSC_78019.0,4
MSC_55049.0,4
MSC_31629.0,6
MSC_52635.0,6
MSC_83685.0,0
MSC_74778.0,5
MSC_31307.0,0
MSC_90559.0,4
MSC_48059.0,6
MSC_27677.0,4
MSC_68716.0,5
MSC_34586.0,6
MSC_66893.0,0
MSC_56143.0,0
MSC_72895.0,5
MSC_77887.0,6
MSC_23235.0,0
MSC_37391.0,5
MSC_34614.0,4
MSC_65491.0,6
MSC_84951.0,4
MSC_43346.0,5
MSC_72691.0,5
MSC_41394.0,1
MSC_48111.0,0
MSC_62404.0,5
MSC_74044.0,5
MSC_37065.0,0
MSC_79897.0,0
MSC_74106.0,5
MSC_78177.0,5
MSC_82710.0,4
MSC_57358.0,4
MSC_86708.0,6
MSC_90023.0,4
MSC_42450.0,6
MSC_73384.0,5
MSC_52321.0,6
MSC_89961.0,4
MSC_50766.0,6
MSC_28619.0,5
MSC_65597.0,5
MSC_66056.0,6
MSC_57785.0,6
MSC_30437.0,0
MSC_80955.0,0
MSC_72767.0,6
MSC_40192.0,0
MSC_56067.0,4
MSC_90169.0,3
